class,comparison,anchor_or_target,value_MeV2_or_MeV,target,relative_deviation,within_5_per_mille
P,e*mu,mu_star^2,53.9913,3.54606e+06,-9.999848e-01,False
P,e*mu,2m_e^2,53.9913,1.04448,+5.069207e+01,False
P,e*mu,G^2,53.9913,5.31909e+06,-9.999898e-01,False
P,e*mu,m_tau^2,53.9913,3.15748e+06,-9.999829e-01,False
P,e*mu,mu+tau^2,53.9913,3.54414e+06,-9.999848e-01,False
P,e*mu,2tau^2,53.9913,1.26299e+07,-9.999957e-01,False
P,e*mu,mu_star/2^2,53.9913,886516,-9.999391e-01,False
P,e*mu,2mu_star^2,53.9913,1.41843e+07,-9.999962e-01,False
P,e*mu,1.5mu_star^2,53.9913,7.97864e+06,-9.999932e-01,False
P,e*tau,mu_star^2,908.009,3.54606e+06,-9.997439e-01,False
P,e*tau,2m_e^2,908.009,1.04448,+8.683413e+02,False
P,e*tau,G^2,908.009,5.31909e+06,-9.998293e-01,False
P,e*tau,m_tau^2,908.009,3.15748e+06,-9.997124e-01,False
P,e*tau,mu+tau^2,908.009,3.54414e+06,-9.997438e-01,False
P,e*tau,2tau^2,908.009,1.26299e+07,-9.999281e-01,False
P,e*tau,mu_star/2^2,908.009,886516,-9.989758e-01,False
P,e*tau,2mu_star^2,908.009,1.41843e+07,-9.999360e-01,False
P,e*tau,1.5mu_star^2,908.009,7.97864e+06,-9.998862e-01,False
P,e*u,mu_star^2,1.10376,3.54606e+06,-9.999997e-01,False
P,e*u,2m_e^2,1.10376,1.04448,+5.675364e-02,False
P,e*u,G^2,1.10376,5.31909e+06,-9.999998e-01,False
P,e*u,m_tau^2,1.10376,3.15748e+06,-9.999997e-01,False
P,e*u,mu+tau^2,1.10376,3.54414e+06,-9.999997e-01,False
P,e*u,2tau^2,1.10376,1.26299e+07,-9.999999e-01,False
P,e*u,mu_star/2^2,1.10376,886516,-9.999988e-01,False
P,e*u,2mu_star^2,1.10376,1.41843e+07,-9.999999e-01,False
P,e*u,1.5mu_star^2,1.10376,7.97864e+06,-9.999999e-01,False
P,e*d,mu_star^2,2.4017,3.54606e+06,-9.999993e-01,False
P,e*d,2m_e^2,2.4017,1.04448,+1.299418e+00,False
P,e*d,G^2,2.4017,5.31909e+06,-9.999995e-01,False
P,e*d,m_tau^2,2.4017,3.15748e+06,-9.999992e-01,False
P,e*d,mu+tau^2,2.4017,3.54414e+06,-9.999993e-01,False
P,e*d,2tau^2,2.4017,1.26299e+07,-9.999998e-01,False
P,e*d,mu_star/2^2,2.4017,886516,-9.999973e-01,False
P,e*d,2mu_star^2,2.4017,1.41843e+07,-9.999998e-01,False
P,e*d,1.5mu_star^2,2.4017,7.97864e+06,-9.999997e-01,False
P,e*s,mu_star^2,47.7784,3.54606e+06,-9.999865e-01,False
P,e*s,2m_e^2,47.7784,1.04448,+4.474373e+01,False
P,e*s,G^2,47.7784,5.31909e+06,-9.999910e-01,False
P,e*s,m_tau^2,47.7784,3.15748e+06,-9.999849e-01,False
P,e*s,mu+tau^2,47.7784,3.54414e+06,-9.999865e-01,False
P,e*s,2tau^2,47.7784,1.26299e+07,-9.999962e-01,False
P,e*s,mu_star/2^2,47.7784,886516,-9.999461e-01,False
P,e*s,2mu_star^2,47.7784,1.41843e+07,-9.999966e-01,False
P,e*s,1.5mu_star^2,47.7784,7.97864e+06,-9.999940e-01,False
P,e*c,mu_star^2,650.451,3.54606e+06,-9.998166e-01,False
P,e*c,2m_e^2,650.451,1.04448,+6.217508e+02,False
P,e*c,G^2,650.451,5.31909e+06,-9.998777e-01,False
P,e*c,m_tau^2,650.451,3.15748e+06,-9.997940e-01,False
P,e*c,mu+tau^2,650.451,3.54414e+06,-9.998165e-01,False
P,e*c,2tau^2,650.451,1.26299e+07,-9.999485e-01,False
P,e*c,mu_star/2^2,650.451,886516,-9.992663e-01,False
P,e*c,2mu_star^2,650.451,1.41843e+07,-9.999541e-01,False
P,e*c,1.5mu_star^2,650.451,7.97864e+06,-9.999185e-01,False
P,e*b,mu_star^2,2139.04,3.54606e+06,-9.993968e-01,False
P,e*b,2m_e^2,2139.04,1.04448,+2.046949e+03,False
P,e*b,G^2,2139.04,5.31909e+06,-9.995979e-01,False
P,e*b,m_tau^2,2139.04,3.15748e+06,-9.993225e-01,False
P,e*b,mu+tau^2,2139.04,3.54414e+06,-9.993965e-01,False
P,e*b,2tau^2,2139.04,1.26299e+07,-9.998306e-01,False
P,e*b,mu_star/2^2,2139.04,886516,-9.975871e-01,False
P,e*b,2mu_star^2,2139.04,1.41843e+07,-9.998492e-01,False
P,e*b,1.5mu_star^2,2139.04,7.97864e+06,-9.997319e-01,False
P,e*t,mu_star^2,88244.4,3.54606e+06,-9.751148e-01,False
P,e*t,2m_e^2,88244.4,1.04448,+8.448547e+04,False
P,e*t,G^2,88244.4,5.31909e+06,-9.834099e-01,False
P,e*t,m_tau^2,88244.4,3.15748e+06,-9.720523e-01,False
P,e*t,mu+tau^2,88244.4,3.54414e+06,-9.751013e-01,False
P,e*t,2tau^2,88244.4,1.26299e+07,-9.930131e-01,False
P,e*t,mu_star/2^2,88244.4,886516,-9.004593e-01,False
P,e*t,2mu_star^2,88244.4,1.41843e+07,-9.937787e-01,False
P,e*t,1.5mu_star^2,88244.4,7.97864e+06,-9.889399e-01,False
P,mu*tau,mu_star^2,187748,3.54606e+06,-9.470547e-01,False
P,mu*tau,2m_e^2,187748,1.04448,+1.797512e+05,False
P,mu*tau,G^2,187748,5.31909e+06,-9.647031e-01,False
P,mu*tau,m_tau^2,187748,3.15748e+06,-9.405388e-01,False
P,mu*tau,mu+tau^2,187748,3.54414e+06,-9.470259e-01,False
P,mu*tau,2tau^2,187748,1.26299e+07,-9.851347e-01,False
P,mu*tau,mu_star/2^2,187748,886516,-7.882186e-01,False
P,mu*tau,2mu_star^2,187748,1.41843e+07,-9.867637e-01,False
P,mu*tau,1.5mu_star^2,187748,7.97864e+06,-9.764687e-01,False
P,mu*u,mu_star^2,228.222,3.54606e+06,-9.999356e-01,False
P,mu*u,2m_e^2,228.222,1.04448,+2.175031e+02,False
P,mu*u,G^2,228.222,5.31909e+06,-9.999571e-01,False
P,mu*u,m_tau^2,228.222,3.15748e+06,-9.999277e-01,False
P,mu*u,mu+tau^2,228.222,3.54414e+06,-9.999356e-01,False
P,mu*u,2tau^2,228.222,1.26299e+07,-9.999819e-01,False
P,mu*u,mu_star/2^2,228.222,886516,-9.997426e-01,False
P,mu*u,2mu_star^2,228.222,1.41843e+07,-9.999839e-01,False
P,mu*u,1.5mu_star^2,228.222,7.97864e+06,-9.999714e-01,False
P,mu*d,mu_star^2,496.594,3.54606e+06,-9.998600e-01,False
P,mu*d,2m_e^2,496.594,1.04448,+4.744466e+02,False
P,mu*d,G^2,496.594,5.31909e+06,-9.999066e-01,False
P,mu*d,m_tau^2,496.594,3.15748e+06,-9.998427e-01,False
P,mu*d,mu+tau^2,496.594,3.54414e+06,-9.998599e-01,False
P,mu*d,2tau^2,496.594,1.26299e+07,-9.999607e-01,False
P,mu*d,mu_star/2^2,496.594,886516,-9.994398e-01,False
P,mu*d,2mu_star^2,496.594,1.41843e+07,-9.999650e-01,False
P,mu*d,1.5mu_star^2,496.594,7.97864e+06,-9.999378e-01,False
P,mu*s,mu_star^2,9879.06,3.54606e+06,-9.972141e-01,False
P,mu*s,2m_e^2,9879.06,1.04448,+9.457353e+03,False
P,mu*s,G^2,9879.06,5.31909e+06,-9.981427e-01,False
P,mu*s,m_tau^2,9879.06,3.15748e+06,-9.968712e-01,False
P,mu*s,mu+tau^2,9879.06,3.54414e+06,-9.972126e-01,False
P,mu*s,2tau^2,9879.06,1.26299e+07,-9.992178e-01,False
P,mu*s,mu_star/2^2,9879.06,886516,-9.888563e-01,False
P,mu*s,2mu_star^2,9879.06,1.41843e+07,-9.993035e-01,False
P,mu*s,1.5mu_star^2,9879.06,7.97864e+06,-9.987618e-01,False
P,mu*c,mu_star^2,134493,3.54606e+06,-9.620727e-01,False
P,mu*c,2m_e^2,134493,1.04448,+1.287641e+05,False
P,mu*c,G^2,134493,5.31909e+06,-9.747151e-01,False
P,mu*c,m_tau^2,134493,3.15748e+06,-9.574051e-01,False
P,mu*c,mu+tau^2,134493,3.54414e+06,-9.620521e-01,False
P,mu*c,2tau^2,134493,1.26299e+07,-9.893513e-01,False
P,mu*c,mu_star/2^2,134493,886516,-8.482909e-01,False
P,mu*c,2mu_star^2,134493,1.41843e+07,-9.905182e-01,False
P,mu*c,1.5mu_star^2,134493,7.97864e+06,-9.831434e-01,False
P,mu*b,mu_star^2,442286,3.54606e+06,-8.752741e-01,False
P,mu*b,2m_e^2,442286,1.04448,+4.234500e+05,False
P,mu*b,G^2,442286,5.31909e+06,-9.168494e-01,False
P,mu*b,m_tau^2,442286,3.15748e+06,-8.599244e-01,False
P,mu*b,mu+tau^2,442286,3.54414e+06,-8.752064e-01,False
P,mu*b,2tau^2,442286,1.26299e+07,-9.649811e-01,False
P,mu*b,mu_star/2^2,442286,886516,-5.010964e-01,False
P,mu*b,2mu_star^2,442286,1.41843e+07,-9.688185e-01,False
P,mu*b,1.5mu_star^2,442286,7.97864e+06,-9.445663e-01,False
P,mu*t,mu_star^2,1.82461e+07,3.54606e+06,+4.145465e+00,False
P,mu*t,2m_e^2,1.82461e+07,1.04448,+1.746912e+07,False
P,mu*t,G^2,1.82461e+07,5.31909e+06,+2.430310e+00,False
P,mu*t,m_tau^2,1.82461e+07,3.15748e+06,+4.778704e+00,False
P,mu*t,mu+tau^2,1.82461e+07,3.54414e+06,+4.148259e+00,False
P,mu*t,2tau^2,1.82461e+07,1.26299e+07,+4.446761e-01,False
P,mu*t,mu_star/2^2,1.82461e+07,886516,+1.958186e+01,False
P,mu*t,2mu_star^2,1.82461e+07,1.41843e+07,+2.863663e-01,False
P,mu*t,1.5mu_star^2,1.82461e+07,7.97864e+06,+1.286873e+00,False
P,tau*u,mu_star^2,3838.17,3.54606e+06,-9.989176e-01,False
P,tau*u,2m_e^2,3838.17,1.04448,+3.673718e+03,False
P,tau*u,G^2,3838.17,5.31909e+06,-9.992784e-01,False
P,tau*u,m_tau^2,3838.17,3.15748e+06,-9.987844e-01,False
P,tau*u,mu+tau^2,3838.17,3.54414e+06,-9.989170e-01,False
P,tau*u,2tau^2,3838.17,1.26299e+07,-9.996961e-01,False
P,tau*u,mu_star/2^2,3838.17,886516,-9.956705e-01,False
P,tau*u,2mu_star^2,3838.17,1.41843e+07,-9.997294e-01,False
P,tau*u,1.5mu_star^2,3838.17,7.97864e+06,-9.995189e-01,False
P,tau*d,mu_star^2,8351.57,3.54606e+06,-9.976448e-01,False
P,tau*d,2m_e^2,8351.57,1.04448,+7.994915e+03,False
P,tau*d,G^2,8351.57,5.31909e+06,-9.984299e-01,False
P,tau*d,m_tau^2,8351.57,3.15748e+06,-9.973550e-01,False
P,tau*d,mu+tau^2,8351.57,3.54414e+06,-9.976436e-01,False
P,tau*d,2tau^2,8351.57,1.26299e+07,-9.993387e-01,False
P,tau*d,mu_star/2^2,8351.57,886516,-9.905793e-01,False
P,tau*d,2mu_star^2,8351.57,1.41843e+07,-9.994112e-01,False
P,tau*d,1.5mu_star^2,8351.57,7.97864e+06,-9.989533e-01,False
P,tau*s,mu_star^2,166143,3.54606e+06,-9.531472e-01,False
P,tau*s,2m_e^2,166143,1.04448,+1.590667e+05,False
P,tau*s,G^2,166143,5.31909e+06,-9.687648e-01,False
P,tau*s,m_tau^2,166143,3.15748e+06,-9.473812e-01,False
P,tau*s,mu+tau^2,166143,3.54414e+06,-9.531218e-01,False
P,tau*s,2tau^2,166143,1.26299e+07,-9.868453e-01,False
P,tau*s,mu_star/2^2,166143,886516,-8.125888e-01,False
P,tau*s,2mu_star^2,166143,1.41843e+07,-9.882868e-01,False
P,tau*s,1.5mu_star^2,166143,7.97864e+06,-9.791765e-01,False
P,tau*c,mu_star^2,2.26185e+06,3.54606e+06,-3.621506e-01,False
P,tau*c,2m_e^2,2.26185e+06,1.04448,+2.165531e+06,False
P,tau*c,G^2,2.26185e+06,5.31909e+06,-5.747671e-01,False
P,tau*c,m_tau^2,2.26185e+06,3.15748e+06,-2.836521e-01,False
P,tau*c,mu+tau^2,2.26185e+06,3.54414e+06,-3.618043e-01,False
P,tau*c,2tau^2,2.26185e+06,1.26299e+07,-8.209130e-01,False
P,tau*c,mu_star/2^2,2.26185e+06,886516,+1.551397e+00,False
P,tau*c,2mu_star^2,2.26185e+06,1.41843e+07,-8.405377e-01,False
P,tau*c,1.5mu_star^2,2.26185e+06,7.97864e+06,-7.165114e-01,False
P,tau*b,mu_star^2,7.43823e+06,3.54606e+06,+1.097602e+00,False
P,tau*b,2m_e^2,7.43823e+06,1.04448,+7.121467e+06,False
P,tau*b,G^2,7.43823e+06,5.31909e+06,+3.984013e-01,False
P,tau*b,m_tau^2,7.43823e+06,3.15748e+06,+1.355748e+00,False
P,tau*b,mu+tau^2,7.43823e+06,3.54414e+06,+1.098741e+00,False
P,tau*b,2tau^2,7.43823e+06,1.26299e+07,-4.110629e-01,False
P,tau*b,mu_star/2^2,7.43823e+06,886516,+7.390408e+00,False
P,tau*b,2mu_star^2,7.43823e+06,1.41843e+07,-4.755995e-01,False
P,tau*b,1.5mu_star^2,7.43823e+06,7.97864e+06,-6.773249e-02,False
P,tau*t,mu_star^2,3.06858e+08,3.54606e+06,+8.553485e+01,False
P,tau*t,2m_e^2,3.06858e+08,1.04448,+2.937903e+08,False
P,tau*t,G^2,3.06858e+08,5.31909e+06,+5.668990e+01,False
P,tau*t,m_tau^2,3.06858e+08,3.15748e+06,+9.618447e+01,False
P,tau*t,mu+tau^2,3.06858e+08,3.54414e+06,+8.558183e+01,False
P,tau*t,2tau^2,3.06858e+08,1.26299e+07,+2.329612e+01,False
P,tau*t,mu_star/2^2,3.06858e+08,886516,+3.451394e+02,False
P,tau*t,2mu_star^2,3.06858e+08,1.41843e+07,+2.063371e+01,False
P,tau*t,1.5mu_star^2,3.06858e+08,7.97864e+06,+3.745993e+01,False
P,u*d,mu_star^2,10.152,3.54606e+06,-9.999971e-01,False
P,u*d,2m_e^2,10.152,1.04448,+8.719672e+00,False
P,u*d,G^2,10.152,5.31909e+06,-9.999981e-01,False
P,u*d,m_tau^2,10.152,3.15748e+06,-9.999968e-01,False
P,u*d,mu+tau^2,10.152,3.54414e+06,-9.999971e-01,False
P,u*d,2tau^2,10.152,1.26299e+07,-9.999992e-01,False
P,u*d,mu_star/2^2,10.152,886516,-9.999885e-01,False
P,u*d,2mu_star^2,10.152,1.41843e+07,-9.999993e-01,False
P,u*d,1.5mu_star^2,10.152,7.97864e+06,-9.999987e-01,False
P,u*s,mu_star^2,201.96,3.54606e+06,-9.999430e-01,False
P,u*s,2m_e^2,201.96,1.04448,+1.923594e+02,False
P,u*s,G^2,201.96,5.31909e+06,-9.999620e-01,False
P,u*s,m_tau^2,201.96,3.15748e+06,-9.999360e-01,False
P,u*s,mu+tau^2,201.96,3.54414e+06,-9.999430e-01,False
P,u*s,2tau^2,201.96,1.26299e+07,-9.999840e-01,False
P,u*s,mu_star/2^2,201.96,886516,-9.997722e-01,False
P,u*s,2mu_star^2,201.96,1.41843e+07,-9.999858e-01,False
P,u*s,1.5mu_star^2,201.96,7.97864e+06,-9.999747e-01,False
P,u*c,mu_star^2,2749.46,3.54606e+06,-9.992246e-01,False
P,u*c,2m_e^2,2749.46,1.04448,+2.631377e+03,False
P,u*c,G^2,2749.46,5.31909e+06,-9.994831e-01,False
P,u*c,m_tau^2,2749.46,3.15748e+06,-9.991292e-01,False
P,u*c,mu+tau^2,2749.46,3.54414e+06,-9.992242e-01,False
P,u*c,2tau^2,2749.46,1.26299e+07,-9.997823e-01,False
P,u*c,mu_star/2^2,2749.46,886516,-9.968986e-01,False
P,u*c,2mu_star^2,2749.46,1.41843e+07,-9.998062e-01,False
P,u*c,1.5mu_star^2,2749.46,7.97864e+06,-9.996554e-01,False
P,u*b,mu_star^2,9041.76,3.54606e+06,-9.974502e-01,False
P,u*b,2m_e^2,9041.76,1.04448,+8.655712e+03,False
P,u*b,G^2,9041.76,5.31909e+06,-9.983001e-01,False
P,u*b,m_tau^2,9041.76,3.15748e+06,-9.971364e-01,False
P,u*b,mu+tau^2,9041.76,3.54414e+06,-9.974488e-01,False
P,u*b,2tau^2,9041.76,1.26299e+07,-9.992841e-01,False
P,u*b,mu_star/2^2,9041.76,886516,-9.898008e-01,False
P,u*b,2mu_star^2,9041.76,1.41843e+07,-9.993625e-01,False
P,u*b,1.5mu_star^2,9041.76,7.97864e+06,-9.988668e-01,False
P,u*t,mu_star^2,373010,3.54606e+06,-8.948100e-01,False
P,u*t,2m_e^2,373010,1.04448,+3.571246e+05,False
P,u*t,G^2,373010,5.31909e+06,-9.298733e-01,False
P,u*t,m_tau^2,373010,3.15748e+06,-8.818645e-01,False
P,u*t,mu+tau^2,373010,3.54414e+06,-8.947529e-01,False
P,u*t,2tau^2,373010,1.26299e+07,-9.704661e-01,False
P,u*t,mu_star/2^2,373010,886516,-5.792400e-01,False
P,u*t,2mu_star^2,373010,1.41843e+07,-9.737025e-01,False
P,u*t,1.5mu_star^2,373010,7.97864e+06,-9.532489e-01,False
P,d*s,mu_star^2,439.45,3.54606e+06,-9.998761e-01,False
P,d*s,2m_e^2,439.45,1.04448,+4.197358e+02,False
P,d*s,G^2,439.45,5.31909e+06,-9.999174e-01,False
P,d*s,m_tau^2,439.45,3.15748e+06,-9.998608e-01,False
P,d*s,mu+tau^2,439.45,3.54414e+06,-9.998760e-01,False
P,d*s,2tau^2,439.45,1.26299e+07,-9.999652e-01,False
P,d*s,mu_star/2^2,439.45,886516,-9.995043e-01,False
P,d*s,2mu_star^2,439.45,1.41843e+07,-9.999690e-01,False
P,d*s,1.5mu_star^2,439.45,7.97864e+06,-9.999449e-01,False
P,d*c,mu_star^2,5982.63,3.54606e+06,-9.983129e-01,False
P,d*c,2m_e^2,5982.63,1.04448,+5.726857e+03,False
P,d*c,G^2,5982.63,5.31909e+06,-9.988753e-01,False
P,d*c,m_tau^2,5982.63,3.15748e+06,-9.981053e-01,False
P,d*c,mu+tau^2,5982.63,3.54414e+06,-9.983120e-01,False
P,d*c,2tau^2,5982.63,1.26299e+07,-9.995263e-01,False
P,d*c,mu_star/2^2,5982.63,886516,-9.932515e-01,False
P,d*c,2mu_star^2,5982.63,1.41843e+07,-9.995782e-01,False
P,d*c,1.5mu_star^2,5982.63,7.97864e+06,-9.992502e-01,False
P,d*b,mu_star^2,19674.2,3.54606e+06,-9.944518e-01,False
P,d*b,2m_e^2,19674.2,1.04448,+1.883536e+04,False
P,d*b,G^2,19674.2,5.31909e+06,-9.963012e-01,False
P,d*b,m_tau^2,19674.2,3.15748e+06,-9.937690e-01,False
P,d*b,mu+tau^2,19674.2,3.54414e+06,-9.944488e-01,False
P,d*b,2tau^2,19674.2,1.26299e+07,-9.984423e-01,False
P,d*b,mu_star/2^2,19674.2,886516,-9.778073e-01,False
P,d*b,2mu_star^2,19674.2,1.41843e+07,-9.986130e-01,False
P,d*b,1.5mu_star^2,19674.2,7.97864e+06,-9.975341e-01,False
P,d*t,mu_star^2,811643,3.54606e+06,-7.711143e-01,False
P,d*t,2m_e^2,811643,1.04448,+7.770778e+05,False
P,d*t,G^2,811643,5.31909e+06,-8.474096e-01,False
P,d*t,m_tau^2,811643,3.15748e+06,-7.429460e-01,False
P,d*t,mu+tau^2,811643,3.54414e+06,-7.709901e-01,False
P,d*t,2tau^2,811643,1.26299e+07,-9.357365e-01,False
P,d*t,mu_star/2^2,811643,886516,-8.445739e-02,False
P,d*t,2mu_star^2,811643,1.41843e+07,-9.427786e-01,False
P,d*t,1.5mu_star^2,811643,7.97864e+06,-8.982730e-01,False
P,s*c,mu_star^2,119016,3.54606e+06,-9.664371e-01,False
P,s*c,2m_e^2,119016,1.04448,+1.139468e+05,False
P,s*c,G^2,119016,5.31909e+06,-9.776247e-01,False
P,s*c,m_tau^2,119016,3.15748e+06,-9.623066e-01,False
P,s*c,mu+tau^2,119016,3.54414e+06,-9.664189e-01,False
P,s*c,2tau^2,119016,1.26299e+07,-9.905767e-01,False
P,s*c,mu_star/2^2,119016,886516,-8.657484e-01,False
P,s*c,2mu_star^2,119016,1.41843e+07,-9.916093e-01,False
P,s*c,1.5mu_star^2,119016,7.97864e+06,-9.850832e-01,False
P,s*b,mu_star^2,391391,3.54606e+06,-8.896266e-01,False
P,s*b,2m_e^2,391391,1.04448,+3.747224e+05,False
P,s*b,G^2,391391,5.31909e+06,-9.264177e-01,False
P,s*b,m_tau^2,391391,3.15748e+06,-8.760432e-01,False
P,s*b,mu+tau^2,391391,3.54414e+06,-8.895667e-01,False
P,s*b,2tau^2,391391,1.26299e+07,-9.690108e-01,False
P,s*b,mu_star/2^2,391391,886516,-5.585065e-01,False
P,s*b,2mu_star^2,391391,1.41843e+07,-9.724067e-01,False
P,s*b,1.5mu_star^2,391391,7.97864e+06,-9.509452e-01,False
P,s*t,mu_star^2,1.61465e+07,3.54606e+06,+3.553364e+00,False
P,s*t,2m_e^2,1.61465e+07,1.04448,+1.545891e+07,False
P,s*t,G^2,1.61465e+07,5.31909e+06,+2.035576e+00,False
P,s*t,m_tau^2,1.61465e+07,3.15748e+06,+4.113734e+00,False
P,s*t,mu+tau^2,1.61465e+07,3.54414e+06,+3.555836e+00,False
P,s*t,2tau^2,1.61465e+07,1.26299e+07,+2.784336e-01,False
P,s*t,mu_star/2^2,1.61465e+07,886516,+1.721345e+01,False
P,s*t,2mu_star^2,1.61465e+07,1.41843e+07,+1.383409e-01,False
P,s*t,1.5mu_star^2,1.61465e+07,7.97864e+06,+1.023717e+00,False
P,c*b,mu_star^2,5.32836e+06,3.54606e+06,+5.026126e-01,False
P,c*b,2m_e^2,5.32836e+06,1.04448,+5.101447e+06,False
P,c*b,G^2,5.32836e+06,5.31909e+06,+1.741747e-03,True
P,c*b,m_tau^2,5.32836e+06,3.15748e+06,+6.875353e-01,False
P,c*b,mu+tau^2,5.32836e+06,3.54414e+06,+5.034285e-01,False
P,c*b,2tau^2,5.32836e+06,1.26299e+07,-5.781162e-01,False
P,c*b,mu_star/2^2,5.32836e+06,886516,+5.010450e+00,False
P,c*b,2mu_star^2,5.32836e+06,1.41843e+07,-6.243468e-01,False
P,c*b,1.5mu_star^2,5.32836e+06,7.97864e+06,-3.321722e-01,False
P,c*t,mu_star^2,2.19817e+08,3.54606e+06,+6.098905e+01,False
P,c*t,2m_e^2,2.19817e+08,1.04448,+2.104561e+08,False
P,c*t,G^2,2.19817e+08,5.31909e+06,+4.032603e+01,False
P,c*t,m_tau^2,2.19817e+08,3.15748e+06,+6.861789e+01,False
P,c*t,mu+tau^2,2.19817e+08,3.54414e+06,+6.102271e+01,False
P,c*t,2tau^2,2.19817e+08,1.26299e+07,+1.640447e+01,False
P,c*t,mu_star/2^2,2.19817e+08,886516,+2.469562e+02,False
P,c*t,2mu_star^2,2.19817e+08,1.41843e+07,+1.449726e+01,False
P,c*t,1.5mu_star^2,2.19817e+08,7.97864e+06,+2.655069e+01,False
P,b*t,mu_star^2,7.2288e+08,3.54606e+06,+2.028543e+02,False
P,b*t,2m_e^2,7.2288e+08,1.04448,+6.920961e+08,False
P,b*t,G^2,7.2288e+08,5.31909e+06,+1.349029e+02,False
P,b*t,m_tau^2,7.2288e+08,3.15748e+06,+2.279422e+02,False
P,b*t,mu+tau^2,7.2288e+08,3.54414e+06,+2.029650e+02,False
P,b*t,2tau^2,7.2288e+08,1.26299e+07,+5.623554e+01,False
P,b*t,mu_star/2^2,7.2288e+08,886516,+8.144173e+02,False
P,b*t,2mu_star^2,7.2288e+08,1.41843e+07,+4.996358e+01,False
P,b*t,1.5mu_star^2,7.2288e+08,7.97864e+06,+8.960192e+01,False
T,tau^2=e*mu,tau,53.9913,3.15748e+06,-9.999829e-01,False
T,u^2=e*mu,u,53.9913,4.6656,+1.057221e+01,False
T,d^2=e*mu,d,53.9913,22.09,+1.444152e+00,False
T,s^2=e*mu,s,53.9913,8742.25,-9.938241e-01,False
T,c^2=e*mu,c,53.9913,1.62027e+06,-9.999667e-01,False
T,b^2=e*mu,b,53.9913,1.75226e+07,-9.999969e-01,False
T,t^2=e*mu,t,53.9913,2.98218e+10,-1.000000e+00,False
T,mu^2=e*tau,mu,908.009,11163.7,-9.186641e-01,False
T,u^2=e*tau,u,908.009,4.6656,+1.936179e+02,False
T,d^2=e*tau,d,908.009,22.09,+4.010500e+01,False
T,s^2=e*tau,s,908.009,8742.25,-8.961355e-01,False
T,c^2=e*tau,c,908.009,1.62027e+06,-9.994396e-01,False
T,b^2=e*tau,b,908.009,1.75226e+07,-9.999482e-01,False
T,t^2=e*tau,t,908.009,2.98218e+10,-1.000000e+00,False
T,mu^2=e*u,mu,1.10376,11163.7,-9.999011e-01,False
T,tau^2=e*u,tau,1.10376,3.15748e+06,-9.999997e-01,False
T,d^2=e*u,d,1.10376,22.09,-9.500336e-01,False
T,s^2=e*u,s,1.10376,8742.25,-9.998737e-01,False
T,c^2=e*u,c,1.10376,1.62027e+06,-9.999993e-01,False
T,b^2=e*u,b,1.10376,1.75226e+07,-9.999999e-01,False
T,t^2=e*u,t,1.10376,2.98218e+10,-1.000000e+00,False
T,mu^2=e*d,mu,2.4017,11163.7,-9.997849e-01,False
T,tau^2=e*d,tau,2.4017,3.15748e+06,-9.999992e-01,False
T,u^2=e*d,u,2.4017,4.6656,-4.852334e-01,False
T,s^2=e*d,s,2.4017,8742.25,-9.997253e-01,False
T,c^2=e*d,c,2.4017,1.62027e+06,-9.999985e-01,False
T,b^2=e*d,b,2.4017,1.75226e+07,-9.999999e-01,False
T,t^2=e*d,t,2.4017,2.98218e+10,-1.000000e+00,False
T,mu^2=e*s,mu,47.7784,11163.7,-9.957202e-01,False
T,tau^2=e*s,tau,47.7784,3.15748e+06,-9.999849e-01,False
T,u^2=e*s,u,47.7784,4.6656,+9.240570e+00,False
T,d^2=e*s,d,47.7784,22.09,+1.162897e+00,False
T,c^2=e*s,c,47.7784,1.62027e+06,-9.999705e-01,False
T,b^2=e*s,b,47.7784,1.75226e+07,-9.999973e-01,False
T,t^2=e*s,t,47.7784,2.98218e+10,-1.000000e+00,False
T,mu^2=e*c,mu,650.451,11163.7,-9.417352e-01,False
T,tau^2=e*c,tau,650.451,3.15748e+06,-9.997940e-01,False
T,u^2=e*c,u,650.451,4.6656,+1.384141e+02,False
T,d^2=e*c,d,650.451,22.09,+2.844548e+01,False
T,s^2=e*c,s,650.451,8742.25,-9.255969e-01,False
T,b^2=e*c,b,650.451,1.75226e+07,-9.999629e-01,False
T,t^2=e*c,t,650.451,2.98218e+10,-1.000000e+00,False
T,mu^2=e*b,mu,2139.04,11163.7,-8.083930e-01,False
T,tau^2=e*b,tau,2139.04,3.15748e+06,-9.993225e-01,False
T,u^2=e*b,u,2139.04,4.6656,+4.574709e+02,False
T,d^2=e*b,d,2139.04,22.09,+9.583303e+01,False
T,s^2=e*b,s,2139.04,8742.25,-7.553214e-01,False
T,c^2=e*b,c,2139.04,1.62027e+06,-9.986798e-01,False
T,t^2=e*b,t,2139.04,2.98218e+10,-9.999999e-01,False
T,mu^2=e*t,mu,88244.4,11163.7,+6.904590e+00,False
T,tau^2=e*t,tau,88244.4,3.15748e+06,-9.720523e-01,False
T,u^2=e*t,u,88244.4,4.6656,+1.891284e+04,False
T,d^2=e*t,d,88244.4,22.09,+3.993767e+03,False
T,s^2=e*t,s,88244.4,8742.25,+9.094016e+00,False
T,c^2=e*t,c,88244.4,1.62027e+06,-9.455374e-01,False
T,b^2=e*t,b,88244.4,1.75226e+07,-9.949640e-01,False
T,e^2=mu*tau,e,187748,0.26112,+7.190078e+05,False
T,u^2=mu*tau,u,187748,4.6656,+4.023981e+04,False
T,d^2=mu*tau,d,187748,22.09,+8.498209e+03,False
T,s^2=mu*tau,s,187748,8742.25,+2.047588e+01,False
T,c^2=mu*tau,c,187748,1.62027e+06,-8.841261e-01,False
T,b^2=mu*tau,b,187748,1.75226e+07,-9.892854e-01,False
T,t^2=mu*tau,t,187748,2.98218e+10,-9.999937e-01,False
T,e^2=mu*u,e,228.222,0.26112,+8.730125e+02,False
T,tau^2=mu*u,tau,228.222,3.15748e+06,-9.999277e-01,False
T,d^2=mu*u,d,228.222,22.09,+9.331466e+00,False
T,s^2=mu*u,s,228.222,8742.25,-9.738944e-01,False
T,c^2=mu*u,c,228.222,1.62027e+06,-9.998591e-01,False
T,b^2=mu*u,b,228.222,1.75226e+07,-9.999870e-01,False
T,t^2=mu*u,t,228.222,2.98218e+10,-1.000000e+00,False
T,e^2=mu*d,e,496.594,0.26112,+1.900787e+03,False
T,tau^2=mu*d,tau,496.594,3.15748e+06,-9.998427e-01,False
T,u^2=mu*d,u,496.594,4.6656,+1.054374e+02,False
T,s^2=mu*d,s,496.594,8742.25,-9.431960e-01,False
T,c^2=mu*d,c,496.594,1.62027e+06,-9.996935e-01,False
T,b^2=mu*d,b,496.594,1.75226e+07,-9.999717e-01,False
T,t^2=mu*d,t,496.594,2.98218e+10,-1.000000e+00,False
T,e^2=mu*s,e,9879.06,0.26112,+3.783241e+04,False
T,tau^2=mu*s,tau,9879.06,3.15748e+06,-9.968712e-01,False
T,u^2=mu*s,u,9879.06,4.6656,+2.116425e+03,False
T,d^2=mu*s,d,9879.06,22.09,+4.462186e+02,False
T,c^2=mu*s,c,9879.06,1.62027e+06,-9.939028e-01,False
T,b^2=mu*s,b,9879.06,1.75226e+07,-9.994362e-01,False
T,t^2=mu*s,t,9879.06,2.98218e+10,-9.999997e-01,False
T,e^2=mu*c,e,134493,0.26112,+5.150594e+05,False
T,tau^2=mu*c,tau,134493,3.15748e+06,-9.574051e-01,False
T,u^2=mu*c,u,134493,4.6656,+2.882542e+04,False
T,d^2=mu*c,d,134493,22.09,+6.087391e+03,False
T,s^2=mu*c,s,134493,8742.25,+1.438420e+01,False
T,b^2=mu*c,b,134493,1.75226e+07,-9.923246e-01,False
T,t^2=mu*c,t,134493,2.98218e+10,-9.999955e-01,False
T,e^2=mu*b,e,442286,0.26112,+1.693803e+06,False
T,tau^2=mu*b,tau,442286,3.15748e+06,-8.599244e-01,False
T,u^2=mu*b,u,442286,4.6656,+9.479623e+04,False
T,d^2=mu*b,d,442286,22.09,+2.002100e+04,False
T,s^2=mu*b,s,442286,8742.25,+4.959178e+01,False
T,c^2=mu*b,c,442286,1.62027e+06,-7.270302e-01,False
T,t^2=mu*b,t,442286,2.98218e+10,-9.999852e-01,False
T,e^2=mu*t,e,1.82461e+07,0.26112,+6.987649e+07,False
T,tau^2=mu*t,tau,1.82461e+07,3.15748e+06,+4.778704e+00,False
T,u^2=mu*t,u,1.82461e+07,4.6656,+3.910781e+06,False
T,d^2=mu*t,d,1.82461e+07,22.09,+8.259902e+05,False
T,s^2=mu*t,s,1.82461e+07,8742.25,+2.086122e+03,False
T,c^2=mu*t,c,1.82461e+07,1.62027e+06,+1.026114e+01,False
T,b^2=mu*t,b,1.82461e+07,1.75226e+07,+4.129233e-02,False
T,e^2=tau*u,e,3838.17,0.26112,+1.469787e+04,False
T,mu^2=tau*u,mu,3838.17,11163.7,-6.561918e-01,False
T,d^2=tau*u,d,3838.17,22.09,+1.727514e+02,False
T,s^2=tau*u,s,3838.17,8742.25,-5.609633e-01,False
T,c^2=tau*u,c,3838.17,1.62027e+06,-9.976312e-01,False
T,b^2=tau*u,b,3838.17,1.75226e+07,-9.997810e-01,False
T,t^2=tau*u,t,3838.17,2.98218e+10,-9.999999e-01,False
T,e^2=tau*d,e,8351.57,0.26112,+3.198266e+04,False
T,mu^2=tau*d,mu,8351.57,11163.7,-2.518989e-01,False
T,u^2=tau*d,u,8351.57,4.6656,+1.789032e+03,False
T,s^2=tau*d,s,8351.57,8742.25,-4.468861e-02,False
T,c^2=tau*d,c,8351.57,1.62027e+06,-9.948456e-01,False
T,b^2=tau*d,b,8351.57,1.75226e+07,-9.995234e-01,False
T,t^2=tau*d,t,8351.57,2.98218e+10,-9.999997e-01,False
T,e^2=tau*s,e,166143,0.26112,+6.362697e+05,False
T,mu^2=tau*s,mu,166143,11163.7,+1.388244e+01,False
T,u^2=tau*s,u,166143,4.6656,+3.560920e+04,False
T,d^2=tau*s,d,166143,22.09,+7.520184e+03,False
T,c^2=tau*s,c,166143,1.62027e+06,-8.974600e-01,False
T,b^2=tau*s,b,166143,1.75226e+07,-9.905184e-01,False
T,t^2=tau*s,t,166143,2.98218e+10,-9.999944e-01,False
T,e^2=tau*c,e,2.26185e+06,0.26112,+8.662127e+06,False
T,mu^2=tau*c,mu,2.26185e+06,11163.7,+2.016081e+02,False
T,u^2=tau*c,u,2.26185e+06,4.6656,+4.847929e+05,False
T,d^2=tau*c,d,2.26185e+06,22.09,+1.023917e+05,False
T,s^2=tau*c,s,2.26185e+06,8742.25,+2.577268e+02,False
T,b^2=tau*c,b,2.26185e+06,1.75226e+07,-8.709179e-01,False
T,t^2=tau*c,t,2.26185e+06,2.98218e+10,-9.999242e-01,False
T,e^2=tau*b,e,7.43823e+06,0.26112,+2.848587e+07,False
T,mu^2=tau*b,mu,7.43823e+06,11163.7,+6.652875e+02,False
T,u^2=tau*b,u,7.43823e+06,4.6656,+1.594270e+06,False
T,d^2=tau*b,d,7.43823e+06,22.09,+3.367228e+05,False
T,s^2=tau*b,s,7.43823e+06,8742.25,+8.498369e+02,False
T,c^2=tau*b,c,7.43823e+06,1.62027e+06,+3.590722e+00,False
T,t^2=tau*b,t,7.43823e+06,2.98218e+10,-9.997506e-01,False
T,e^2=tau*t,e,3.06858e+08,0.26112,+1.175161e+09,False
T,mu^2=tau*t,mu,3.06858e+08,11163.7,+2.748615e+04,False
T,u^2=tau*t,u,3.06858e+08,4.6656,+6.577033e+07,False
T,d^2=tau*t,d,3.06858e+08,22.09,+1.389126e+07,False
T,s^2=tau*t,s,3.06858e+08,8742.25,+3.509958e+04,False
T,c^2=tau*t,c,3.06858e+08,1.62027e+06,+1.883865e+02,False
T,b^2=tau*t,b,3.06858e+08,1.75226e+07,+1.651213e+01,False
T,e^2=u*d,e,10.152,0.26112,+3.787869e+01,False
T,mu^2=u*d,mu,10.152,11163.7,-9.990906e-01,False
T,tau^2=u*d,tau,10.152,3.15748e+06,-9.999968e-01,False
T,s^2=u*d,s,10.152,8742.25,-9.988387e-01,False
T,c^2=u*d,c,10.152,1.62027e+06,-9.999937e-01,False
T,b^2=u*d,b,10.152,1.75226e+07,-9.999994e-01,False
T,t^2=u*d,t,10.152,2.98218e+10,-1.000000e+00,False
T,e^2=u*s,e,201.96,0.26112,+7.724377e+02,False
T,mu^2=u*s,mu,201.96,11163.7,-9.819092e-01,False
T,tau^2=u*s,tau,201.96,3.15748e+06,-9.999360e-01,False
T,d^2=u*s,d,201.96,22.09,+8.142598e+00,False
T,c^2=u*s,c,201.96,1.62027e+06,-9.998754e-01,False
T,b^2=u*s,b,201.96,1.75226e+07,-9.999885e-01,False
T,t^2=u*s,t,201.96,2.98218e+10,-1.000000e+00,False
T,e^2=u*c,e,2749.46,0.26112,+1.052851e+04,False
T,mu^2=u*c,mu,2749.46,11163.7,-7.537137e-01,False
T,tau^2=u*c,tau,2749.46,3.15748e+06,-9.991292e-01,False
T,d^2=u*c,d,2749.46,22.09,+1.234665e+02,False
T,s^2=u*c,s,2749.46,8742.25,-6.854970e-01,False
T,b^2=u*c,b,2749.46,1.75226e+07,-9.998431e-01,False
T,t^2=u*c,t,2749.46,2.98218e+10,-9.999999e-01,False
T,e^2=u*b,e,9041.76,0.26112,+3.462585e+04,False
T,mu^2=u*b,mu,9041.76,11163.7,-1.900744e-01,False
T,tau^2=u*b,tau,9041.76,3.15748e+06,-9.971364e-01,False
T,d^2=u*b,d,9041.76,22.09,+4.083146e+02,False
T,s^2=u*b,s,9041.76,8742.25,+3.426006e-02,False
T,c^2=u*b,c,9041.76,1.62027e+06,-9.944196e-01,False
T,t^2=u*b,t,9041.76,2.98218e+10,-9.999997e-01,False
T,e^2=u*t,e,373010,0.26112,+1.428501e+06,False
T,mu^2=u*t,mu,373010,11163.7,+3.241282e+01,False
T,tau^2=u*t,tau,373010,3.15748e+06,-8.818645e-01,False
T,d^2=u*t,d,373010,22.09,+1.688494e+04,False
T,s^2=u*t,s,373010,8742.25,+4.166755e+01,False
T,c^2=u*t,c,373010,1.62027e+06,-7.697857e-01,False
T,b^2=u*t,b,373010,1.75226e+07,-9.787126e-01,False
T,e^2=d*s,e,439.45,0.26112,+1.681943e+03,False
T,mu^2=d*s,mu,439.45,11163.7,-9.606358e-01,False
T,tau^2=d*s,tau,439.45,3.15748e+06,-9.998608e-01,False
T,u^2=d*s,u,439.45,4.6656,+9.318939e+01,False
T,c^2=d*s,c,439.45,1.62027e+06,-9.997288e-01,False
T,b^2=d*s,b,439.45,1.75226e+07,-9.999749e-01,False
T,t^2=d*s,t,439.45,2.98218e+10,-1.000000e+00,False
T,e^2=d*c,e,5982.63,0.26112,+2.291043e+04,False
T,mu^2=d*c,mu,5982.63,11163.7,-4.640993e-01,False
T,tau^2=d*c,tau,5982.63,3.15748e+06,-9.981053e-01,False
T,u^2=d*c,u,5982.63,4.6656,+1.281285e+03,False
T,s^2=d*c,s,5982.63,8742.25,-3.156647e-01,False
T,b^2=d*c,b,5982.63,1.75226e+07,-9.996586e-01,False
T,t^2=d*c,t,5982.63,2.98218e+10,-9.999998e-01,False
T,e^2=d*b,e,19674.2,0.26112,+7.534446e+04,False
T,mu^2=d*b,mu,19674.2,11163.7,+7.623381e-01,False
T,tau^2=d*b,tau,19674.2,3.15748e+06,-9.937690e-01,False
T,u^2=d*b,u,19674.2,4.6656,+4.215864e+03,False
T,s^2=d*b,s,19674.2,8742.25,+1.250473e+00,False
T,c^2=d*b,c,19674.2,1.62027e+06,-9.878575e-01,False
T,t^2=d*b,t,19674.2,2.98218e+10,-9.999993e-01,False
T,e^2=d*t,e,811643,0.26112,+3.108314e+06,False
T,mu^2=d*t,mu,811643,11163.7,+7.170381e+01,False
T,tau^2=d*t,tau,811643,3.15748e+06,-7.429460e-01,False
T,u^2=d*t,u,811643,4.6656,+1.739623e+05,False
T,s^2=d*t,s,811643,8742.25,+9.184143e+01,False
T,c^2=d*t,c,811643,1.62027e+06,-4.990707e-01,False
T,b^2=d*t,b,811643,1.75226e+07,-9.536802e-01,False
T,e^2=s*c,e,119016,0.26112,+4.557901e+05,False
T,mu^2=s*c,mu,119016,11163.7,+9.661002e+00,False
T,tau^2=s*c,tau,119016,3.15748e+06,-9.623066e-01,False
T,u^2=s*c,u,119016,4.6656,+2.550829e+04,False
T,d^2=s*c,d,119016,22.09,+5.386784e+03,False
T,b^2=s*c,b,119016,1.75226e+07,-9.932078e-01,False
T,t^2=s*c,t,119016,2.98218e+10,-9.999960e-01,False
T,e^2=s*b,e,391391,0.26112,+1.498893e+06,False
T,mu^2=s*b,mu,391391,11163.7,+3.405928e+01,False
T,tau^2=s*b,tau,391391,3.15748e+06,-8.760432e-01,False
T,u^2=s*b,u,391391,4.6656,+8.388767e+04,False
T,d^2=s*b,d,391391,22.09,+1.771702e+04,False
T,c^2=s*b,c,391391,1.62027e+06,-7.584415e-01,False
T,t^2=s*b,t,391391,2.98218e+10,-9.999869e-01,False
T,e^2=s*t,e,1.61465e+07,0.26112,+6.183563e+07,False
T,mu^2=s*t,mu,1.61465e+07,11163.7,+1.445342e+03,False
T,tau^2=s*t,tau,1.61465e+07,3.15748e+06,+4.113734e+00,False
T,u^2=s*t,u,1.61465e+07,4.6656,+3.460758e+06,False
T,d^2=s*t,d,1.61465e+07,22.09,+7.309413e+05,False
T,c^2=s*t,c,1.61465e+07,1.62027e+06,+8.965297e+00,False
T,b^2=s*t,b,1.61465e+07,1.75226e+07,-7.853180e-02,False
T,e^2=c*b,e,5.32836e+06,0.26112,+2.040579e+07,False
T,mu^2=c*b,mu,5.32836e+06,11163.7,+4.762936e+02,False
T,tau^2=c*b,tau,5.32836e+06,3.15748e+06,+6.875353e-01,False
T,u^2=c*b,u,5.32836e+06,4.6656,+1.142051e+06,False
T,d^2=c*b,d,5.32836e+06,22.09,+2.412104e+05,False
T,s^2=c*b,s,5.32836e+06,8742.25,+6.084952e+02,False
T,t^2=c*b,t,5.32836e+06,2.98218e+10,-9.998213e-01,False
T,e^2=c*t,e,2.19817e+08,0.26112,+8.418243e+08,False
T,mu^2=c*t,mu,2.19817e+08,11163.7,+1.968936e+04,False
T,tau^2=c*t,tau,2.19817e+08,3.15748e+06,+6.861789e+01,False
T,u^2=c*t,u,2.19817e+08,4.6656,+4.711443e+07,False
T,d^2=c*t,d,2.19817e+08,22.09,+9.950977e+06,False
T,s^2=c*t,s,2.19817e+08,8742.25,+2.514322e+04,False
T,b^2=c*t,b,2.19817e+08,1.75226e+07,+1.154478e+01,False
T,e^2=b*t,e,7.2288e+08,0.26112,+2.768384e+09,False
T,mu^2=b*t,mu,7.2288e+08,11163.7,+6.475180e+04,False
T,tau^2=b*t,tau,7.2288e+08,3.15748e+06,+2.279422e+02,False
T,u^2=b*t,u,7.2288e+08,4.6656,+1.549383e+08,False
T,d^2=b*t,d,7.2288e+08,22.09,+3.272432e+07,False
T,s^2=b*t,s,7.2288e+08,8742.25,+8.268713e+04,False
T,c^2=b*t,c,7.2288e+08,1.62027e+06,+4.451469e+02,False
A,e^2=mu_star*e,mu_star,962.262,0.26112,+3.684134e+03,False
A,mu^2=mu_star*e,mu_star,962.262,11163.7,-9.138043e-01,False
A,tau^2=mu_star*e,mu_star,962.262,3.15748e+06,-9.996952e-01,False
A,u^2=mu_star*e,mu_star,962.262,4.6656,+2.052461e+02,False
A,d^2=mu_star*e,mu_star,962.262,22.09,+4.256097e+01,False
A,s^2=mu_star*e,mu_star,962.262,8742.25,-8.899297e-01,False
A,c^2=mu_star*e,mu_star,962.262,1.62027e+06,-9.994061e-01,False
A,b^2=mu_star*e,mu_star,962.262,1.75226e+07,-9.999451e-01,False
A,t^2=mu_star*e,mu_star,962.262,2.98218e+10,-1.000000e+00,False
A,e^2=mu_star*mu,mu_star,198965,0.26112,+7.619677e+05,False
A,mu^2=mu_star*mu,mu_star,198965,11163.7,+1.682253e+01,False
A,tau^2=mu_star*mu,mu_star,198965,3.15748e+06,-9.369861e-01,False
A,u^2=mu_star*mu,mu_star,198965,4.6656,+4.264415e+04,False
A,d^2=mu_star*mu,mu_star,198965,22.09,+9.006027e+03,False
A,s^2=mu_star*mu,mu_star,198965,8742.25,+2.175904e+01,False
A,c^2=mu_star*mu,mu_star,198965,1.62027e+06,-8.772028e-01,False
A,b^2=mu_star*mu,mu_star,198965,1.75226e+07,-9.886452e-01,False
A,t^2=mu_star*mu,mu_star,198965,2.98218e+10,-9.999933e-01,False
A,e^2=mu_star*tau,mu_star,3.34614e+06,0.26112,+1.281455e+07,False
A,mu^2=mu_star*tau,mu_star,3.34614e+06,11163.7,+2.987338e+02,False
A,tau^2=mu_star*tau,mu_star,3.34614e+06,3.15748e+06,+5.974877e-02,False
A,u^2=mu_star*tau,mu_star,3.34614e+06,4.6656,+7.171920e+05,False
A,d^2=mu_star*tau,mu_star,3.34614e+06,22.09,+1.514764e+05,False
A,s^2=mu_star*tau,mu_star,3.34614e+06,8742.25,+3.817545e+02,False
A,c^2=mu_star*tau,mu_star,3.34614e+06,1.62027e+06,+1.065166e+00,False
A,b^2=mu_star*tau,mu_star,3.34614e+06,1.75226e+07,-8.090388e-01,False
A,t^2=mu_star*tau,mu_star,3.34614e+06,2.98218e+10,-9.998878e-01,False
A,e^2=mu_star*u,mu_star,4067.49,0.26112,+1.557611e+04,False
A,mu^2=mu_star*u,mu_star,4067.49,11163.7,-6.356497e-01,False
A,tau^2=mu_star*u,mu_star,4067.49,3.15748e+06,-9.987118e-01,False
A,u^2=mu_star*u,mu_star,4067.49,4.6656,+8.708053e+02,False
A,d^2=mu_star*u,mu_star,4067.49,22.09,+1.831328e+02,False
A,s^2=mu_star*u,mu_star,4067.49,8742.25,-5.347314e-01,False
A,c^2=mu_star*u,mu_star,4067.49,1.62027e+06,-9.974896e-01,False
A,b^2=mu_star*u,mu_star,4067.49,1.75226e+07,-9.997679e-01,False
A,t^2=mu_star*u,mu_star,4067.49,2.98218e+10,-9.999999e-01,False
A,e^2=mu_star*d,mu_star,8850.57,0.26112,+3.389364e+04,False
A,mu^2=mu_star*d,mu_star,8850.57,11163.7,-2.072007e-01,False
A,tau^2=mu_star*d,mu_star,8850.57,3.15748e+06,-9.971970e-01,False
A,u^2=mu_star*d,mu_star,8850.57,4.6656,+1.895984e+03,False
A,d^2=mu_star*d,mu_star,8850.57,22.09,+3.996594e+02,False
A,s^2=mu_star*d,mu_star,8850.57,8742.25,+1.239007e-02,False
A,c^2=mu_star*d,mu_star,8850.57,1.62027e+06,-9.945376e-01,False
A,b^2=mu_star*d,mu_star,8850.57,1.75226e+07,-9.994949e-01,False
A,t^2=mu_star*d,mu_star,8850.57,2.98218e+10,-9.999997e-01,False
A,e^2=mu_star*s,mu_star,176070,0.26112,+6.742861e+05,False
A,mu^2=mu_star*s,mu_star,176070,11163.7,+1.477164e+01,False
A,tau^2=mu_star*s,mu_star,176070,3.15748e+06,-9.442372e-01,False
A,u^2=mu_star*s,mu_star,176070,4.6656,+3.773687e+04,False
A,d^2=mu_star*s,mu_star,176070,22.09,+7.969565e+03,False
A,s^2=mu_star*s,mu_star,176070,8742.25,+1.914010e+01,False
A,c^2=mu_star*s,mu_star,176070,1.62027e+06,-8.913334e-01,False
A,b^2=mu_star*s,mu_star,176070,1.75226e+07,-9.899518e-01,False
A,t^2=mu_star*s,mu_star,176070,2.98218e+10,-9.999941e-01,False
A,e^2=mu_star*c,mu_star,2.397e+06,0.26112,+9.179678e+06,False
A,mu^2=mu_star*c,mu_star,2.397e+06,11163.7,+2.137137e+02,False
A,tau^2=mu_star*c,mu_star,2.397e+06,3.15748e+06,-2.408512e-01,False
A,u^2=mu_star*c,mu_star,2.397e+06,4.6656,+5.137587e+05,False
A,d^2=mu_star*c,mu_star,2.397e+06,22.09,+1.085095e+05,False
A,s^2=mu_star*c,mu_star,2.397e+06,8742.25,+2.731854e+02,False
A,c^2=mu_star*c,mu_star,2.397e+06,1.62027e+06,+4.793773e-01,False
A,b^2=mu_star*c,mu_star,2.397e+06,1.75226e+07,-8.632054e-01,False
A,t^2=mu_star*c,mu_star,2.397e+06,2.98218e+10,-9.999196e-01,False
A,e^2=mu_star*b,mu_star,7.88265e+06,0.26112,+3.018787e+07,False
A,mu^2=mu_star*b,mu_star,7.88265e+06,11163.7,+7.050974e+02,False
A,tau^2=mu_star*b,mu_star,7.88265e+06,3.15748e+06,+1.496501e+00,False
A,u^2=mu_star*b,mu_star,7.88265e+06,4.6656,+1.689525e+06,False
A,d^2=mu_star*b,mu_star,7.88265e+06,22.09,+3.568416e+05,False
A,s^2=mu_star*b,mu_star,7.88265e+06,8742.25,+9.006734e+02,False
A,c^2=mu_star*b,mu_star,7.88265e+06,1.62027e+06,+3.865012e+00,False
A,b^2=mu_star*b,mu_star,7.88265e+06,1.75226e+07,-5.501435e-01,False
A,t^2=mu_star*b,mu_star,7.88265e+06,2.98218e+10,-9.997357e-01,False
A,e^2=mu_star*t,mu_star,3.25192e+08,0.26112,+1.245376e+09,False
A,mu^2=mu_star*t,mu_star,3.25192e+08,11163.7,+2.912847e+04,False
A,tau^2=mu_star*t,mu_star,3.25192e+08,3.15748e+06,+1.019911e+02,False
A,u^2=mu_star*t,mu_star,3.25192e+08,4.6656,+6.970002e+07,False
A,d^2=mu_star*t,mu_star,3.25192e+08,22.09,+1.472125e+07,False
A,s^2=mu_star*t,mu_star,3.25192e+08,8742.25,+3.719680e+04,False
A,c^2=mu_star*t,mu_star,3.25192e+08,1.62027e+06,+1.997021e+02,False
A,b^2=mu_star*t,mu_star,3.25192e+08,1.75226e+07,+1.755846e+01,False
A,t^2=mu_star*t,mu_star,3.25192e+08,2.98218e+10,-9.890955e-01,False
A,e^2=2m_e*e,2m_e,0.52224,0.26112,+1.000000e+00,False
A,mu^2=2m_e*e,2m_e,0.52224,11163.7,-9.999532e-01,False
A,tau^2=2m_e*e,2m_e,0.52224,3.15748e+06,-9.999998e-01,False
A,u^2=2m_e*e,2m_e,0.52224,4.6656,-8.880659e-01,False
A,d^2=2m_e*e,2m_e,0.52224,22.09,-9.763585e-01,False
A,s^2=2m_e*e,2m_e,0.52224,8742.25,-9.999403e-01,False
A,c^2=2m_e*e,2m_e,0.52224,1.62027e+06,-9.999997e-01,False
A,b^2=2m_e*e,2m_e,0.52224,1.75226e+07,-1.000000e+00,False
A,t^2=2m_e*e,2m_e,0.52224,2.98218e+10,-1.000000e+00,False
A,e^2=2m_e*mu,2m_e,107.983,0.26112,+4.125366e+02,False
A,mu^2=2m_e*mu,2m_e,107.983,11163.7,-9.903273e-01,False
A,tau^2=2m_e*mu,2m_e,107.983,3.15748e+06,-9.999658e-01,False
A,u^2=2m_e*mu,2m_e,107.983,4.6656,+2.214443e+01,False
A,d^2=2m_e*mu,2m_e,107.983,22.09,+3.888304e+00,False
A,s^2=2m_e*mu,2m_e,107.983,8742.25,-9.876482e-01,False
A,c^2=2m_e*mu,2m_e,107.983,1.62027e+06,-9.999334e-01,False
A,b^2=2m_e*mu,2m_e,107.983,1.75226e+07,-9.999938e-01,False
A,t^2=2m_e*mu,2m_e,107.983,2.98218e+10,-1.000000e+00,False
A,e^2=2m_e*tau,2m_e,1816.02,0.26112,+6.953731e+03,False
A,mu^2=2m_e*tau,2m_e,1816.02,11163.7,-8.373281e-01,False
A,tau^2=2m_e*tau,2m_e,1816.02,3.15748e+06,-9.994249e-01,False
A,u^2=2m_e*tau,2m_e,1816.02,4.6656,+3.882358e+02,False
A,d^2=2m_e*tau,2m_e,1816.02,22.09,+8.120999e+01,False
A,s^2=2m_e*tau,2m_e,1816.02,8742.25,-7.922710e-01,False
A,c^2=2m_e*tau,2m_e,1816.02,1.62027e+06,-9.988792e-01,False
A,b^2=2m_e*tau,2m_e,1816.02,1.75226e+07,-9.998964e-01,False
A,t^2=2m_e*tau,2m_e,1816.02,2.98218e+10,-9.999999e-01,False
A,e^2=2m_e*u,2m_e,2.20752,0.26112,+7.454029e+00,False
A,mu^2=2m_e*u,2m_e,2.20752,11163.7,-9.998023e-01,False
A,tau^2=2m_e*u,2m_e,2.20752,3.15748e+06,-9.999993e-01,False
A,u^2=2m_e*u,2m_e,2.20752,4.6656,-5.268528e-01,False
A,d^2=2m_e*u,2m_e,2.20752,22.09,-9.000672e-01,False
A,s^2=2m_e*u,2m_e,2.20752,8742.25,-9.997475e-01,False
A,c^2=2m_e*u,2m_e,2.20752,1.62027e+06,-9.999986e-01,False
A,b^2=2m_e*u,2m_e,2.20752,1.75226e+07,-9.999999e-01,False
A,t^2=2m_e*u,2m_e,2.20752,2.98218e+10,-1.000000e+00,False
A,e^2=2m_e*d,2m_e,4.80339,0.26112,+1.739534e+01,False
A,mu^2=2m_e*d,2m_e,4.80339,11163.7,-9.995697e-01,False
A,tau^2=2m_e*d,2m_e,4.80339,3.15748e+06,-9.999985e-01,False
A,u^2=2m_e*d,2m_e,4.80339,4.6656,+2.953321e-02,False
A,d^2=2m_e*d,2m_e,4.80339,22.09,-7.825536e-01,False
A,s^2=2m_e*d,2m_e,4.80339,8742.25,-9.994506e-01,False
A,c^2=2m_e*d,2m_e,4.80339,1.62027e+06,-9.999970e-01,False
A,b^2=2m_e*d,2m_e,4.80339,1.75226e+07,-9.999997e-01,False
A,t^2=2m_e*d,2m_e,4.80339,2.98218e+10,-1.000000e+00,False
A,e^2=2m_e*s,2m_e,95.5568,0.26112,+3.649499e+02,False
A,mu^2=2m_e*s,2m_e,95.5568,11163.7,-9.914404e-01,False
A,tau^2=2m_e*s,2m_e,95.5568,3.15748e+06,-9.999697e-01,False
A,u^2=2m_e*s,2m_e,95.5568,4.6656,+1.948114e+01,False
A,d^2=2m_e*s,2m_e,95.5568,22.09,+3.325795e+00,False
A,s^2=2m_e*s,2m_e,95.5568,8742.25,-9.890695e-01,False
A,c^2=2m_e*s,2m_e,95.5568,1.62027e+06,-9.999410e-01,False
A,b^2=2m_e*s,2m_e,95.5568,1.75226e+07,-9.999945e-01,False
A,t^2=2m_e*s,2m_e,95.5568,2.98218e+10,-1.000000e+00,False
A,e^2=2m_e*c,2m_e,1300.9,0.26112,+4.981006e+03,False
A,mu^2=2m_e*c,2m_e,1300.9,11163.7,-8.834704e-01,False
A,tau^2=2m_e*c,2m_e,1300.9,3.15748e+06,-9.995880e-01,False
A,u^2=2m_e*c,2m_e,1300.9,4.6656,+2.778283e+02,False
A,d^2=2m_e*c,2m_e,1300.9,22.09,+5.789095e+01,False
A,s^2=2m_e*c,2m_e,1300.9,8742.25,-8.511938e-01,False
A,c^2=2m_e*c,2m_e,1300.9,1.62027e+06,-9.991971e-01,False
A,b^2=2m_e*c,2m_e,1300.9,1.75226e+07,-9.999258e-01,False
A,t^2=2m_e*c,2m_e,1300.9,2.98218e+10,-1.000000e+00,False
A,e^2=2m_e*b,2m_e,4278.08,0.26112,+1.638260e+04,False
A,mu^2=2m_e*b,2m_e,4278.08,11163.7,-6.167860e-01,False
A,tau^2=2m_e*b,2m_e,4278.08,3.15748e+06,-9.986451e-01,False
A,u^2=2m_e*b,2m_e,4278.08,4.6656,+9.159417e+02,False
A,d^2=2m_e*b,2m_e,4278.08,22.09,+1.926661e+02,False
A,s^2=2m_e*b,2m_e,4278.08,8742.25,-5.106428e-01,False
A,c^2=2m_e*b,2m_e,4278.08,1.62027e+06,-9.973597e-01,False
A,b^2=2m_e*b,2m_e,4278.08,1.75226e+07,-9.997559e-01,False
A,t^2=2m_e*b,2m_e,4278.08,2.98218e+10,-9.999999e-01,False
A,e^2=2m_e*t,2m_e,176489,0.26112,+6.758908e+05,False
A,mu^2=2m_e*t,2m_e,176489,11163.7,+1.480918e+01,False
A,tau^2=2m_e*t,2m_e,176489,3.15748e+06,-9.441045e-01,False
A,u^2=2m_e*t,2m_e,176489,4.6656,+3.782668e+04,False
A,d^2=2m_e*t,2m_e,176489,22.09,+7.988535e+03,False
A,s^2=2m_e*t,2m_e,176489,8742.25,+1.918803e+01,False
A,c^2=2m_e*t,2m_e,176489,1.62027e+06,-8.910747e-01,False
A,b^2=2m_e*t,2m_e,176489,1.75226e+07,-9.899279e-01,False
A,t^2=2m_e*t,2m_e,176489,2.98218e+10,-9.999941e-01,False
A,e^2=G*e,G,1178.53,0.26112,+4.512348e+03,False
A,mu^2=G*e,G,1178.53,11163.7,-8.944323e-01,False
A,tau^2=G*e,G,1178.53,3.15748e+06,-9.996268e-01,False
A,u^2=G*e,G,1178.53,4.6656,+2.515989e+02,False
A,d^2=G*e,G,1178.53,22.09,+5.235107e+01,False
A,s^2=G*e,G,1178.53,8742.25,-8.651920e-01,False
A,c^2=G*e,G,1178.53,1.62027e+06,-9.992726e-01,False
A,b^2=G*e,G,1178.53,1.75226e+07,-9.999327e-01,False
A,t^2=G*e,G,1178.53,2.98218e+10,-1.000000e+00,False
A,e^2=G*mu,G,243682,0.26112,+9.332163e+05,False
A,mu^2=G*mu,G,243682,11163.7,+2.082805e+01,False
A,tau^2=G*mu,G,243682,3.15748e+06,-9.228240e-01,False
A,u^2=G*mu,G,243682,4.6656,+5.222843e+04,False
A,d^2=G*mu,G,243682,22.09,+1.103031e+04,False
A,s^2=G*mu,G,243682,8742.25,+2.687402e+01,False
A,c^2=G*mu,G,243682,1.62027e+06,-8.496047e-01,False
A,b^2=G*mu,G,243682,1.75226e+07,-9.860933e-01,False
A,t^2=G*mu,G,243682,2.98218e+10,-9.999918e-01,False
A,e^2=G*tau,G,4.09816e+06,0.26112,+1.569456e+07,False
A,mu^2=G*tau,G,4.09816e+06,11163.7,+3.660974e+02,False
A,tau^2=G*tau,G,4.09816e+06,3.15748e+06,+2.979219e-01,False
A,u^2=G*tau,G,4.09816e+06,4.6656,+8.783775e+05,False
A,d^2=G*tau,G,4.09816e+06,22.09,+1.855202e+05,False
A,s^2=G*tau,G,4.09816e+06,8742.25,+4.677766e+02,False
A,c^2=G*tau,G,4.09816e+06,1.62027e+06,+1.529302e+00,False
A,b^2=G*tau,G,4.09816e+06,1.75226e+07,-7.661213e-01,False
A,t^2=G*tau,G,4.09816e+06,2.98218e+10,-9.998626e-01,False
A,e^2=G*u,G,4981.64,0.26112,+1.907699e+04,False
A,mu^2=G*u,G,4981.64,11163.7,-5.537638e-01,False
A,tau^2=G*u,G,4981.64,3.15748e+06,-9.984223e-01,False
A,u^2=G*u,G,4981.64,4.6656,+1.066739e+03,False
A,d^2=G*u,G,4981.64,22.09,+2.245158e+02,False
A,s^2=G*u,G,4981.64,8742.25,-4.301646e-01,False
A,c^2=G*u,G,4981.64,1.62027e+06,-9.969254e-01,False
A,b^2=G*u,G,4981.64,1.75226e+07,-9.997157e-01,False
A,t^2=G*u,G,4981.64,2.98218e+10,-9.999998e-01,False
A,e^2=G*d,G,10839.7,0.26112,+4.151129e+04,False
A,mu^2=G*d,G,10839.7,11163.7,-2.902317e-02,False
A,tau^2=G*d,G,10839.7,3.15748e+06,-9.965670e-01,False
A,u^2=G*d,G,10839.7,4.6656,+2.322321e+03,False
A,d^2=G*d,G,10839.7,22.09,+4.897056e+02,False
A,s^2=G*d,G,10839.7,8742.25,+2.399195e-01,False
A,c^2=G*d,G,10839.7,1.62027e+06,-9.933100e-01,False
A,b^2=G*d,G,10839.7,1.75226e+07,-9.993814e-01,False
A,t^2=G*d,G,10839.7,2.98218e+10,-9.999996e-01,False
A,e^2=G*s,G,215641,0.26112,+8.258286e+05,False
A,mu^2=G*s,G,215641,11163.7,+1.831624e+01,False
A,tau^2=G*s,G,215641,3.15748e+06,-9.317049e-01,False
A,u^2=G*s,G,215641,4.6656,+4.621826e+04,False
A,d^2=G*s,G,215641,22.09,+9.760909e+03,False
A,s^2=G*s,G,215641,8742.25,+2.366648e+01,False
A,c^2=G*s,G,215641,1.62027e+06,-8.669111e-01,False
A,b^2=G*s,G,215641,1.75226e+07,-9.876936e-01,False
A,t^2=G*s,G,215641,2.98218e+10,-9.999928e-01,False
A,e^2=G*c,G,2.93571e+06,0.26112,+1.124276e+07,False
A,mu^2=G*c,G,2.93571e+06,11163.7,+2.619694e+02,False
A,tau^2=G*c,G,2.93571e+06,3.15748e+06,-7.023645e-02,False
A,u^2=G*c,G,2.93571e+06,4.6656,+6.292235e+05,False
A,d^2=G*c,G,2.93571e+06,22.09,+1.328967e+05,False
A,s^2=G*c,G,2.93571e+06,8742.25,+3.348071e+02,False
A,c^2=G*c,G,2.93571e+06,1.62027e+06,+8.118598e-01,False
A,b^2=G*c,G,2.93571e+06,1.75226e+07,-8.324615e-01,False
A,t^2=G*c,G,2.93571e+06,2.98218e+10,-9.999016e-01,False
A,e^2=G*b,G,9.65424e+06,0.26112,+3.697244e+07,False
A,mu^2=G*b,G,9.65424e+06,11163.7,+8.637892e+02,False
A,tau^2=G*b,G,9.65424e+06,3.15748e+06,+2.057577e+00,False
A,u^2=G*b,G,9.65424e+06,4.6656,+2.069238e+06,False
A,d^2=G*b,G,9.65424e+06,22.09,+4.370402e+05,False
A,s^2=G*b,G,9.65424e+06,8742.25,+1.103320e+03,False
A,c^2=G*b,G,9.65424e+06,1.62027e+06,+4.958398e+00,False
A,b^2=G*b,G,9.65424e+06,1.75226e+07,-4.490405e-01,False
A,t^2=G*b,G,9.65424e+06,2.98218e+10,-9.996763e-01,False
A,e^2=G*t,G,3.98278e+08,0.26112,+1.525268e+09,False
A,mu^2=G*t,G,3.98278e+08,11163.7,+3.567517e+04,False
A,tau^2=G*t,G,3.98278e+08,3.15748e+06,+1.251378e+02,False
A,u^2=G*t,G,3.98278e+08,4.6656,+8.536475e+07,False
A,d^2=G*t,G,3.98278e+08,22.09,+1.802978e+07,False
A,s^2=G*t,G,3.98278e+08,8742.25,+4.555681e+04,False
A,c^2=G*t,G,3.98278e+08,1.62027e+06,+2.448088e+02,False
A,b^2=G*t,G,3.98278e+08,1.75226e+07,+2.172938e+01,False
A,t^2=G*t,G,3.98278e+08,2.98218e+10,-9.866448e-01,False
A,e^2=m_tau*e,m_tau,908.009,0.26112,+3.476365e+03,False
A,mu^2=m_tau*e,m_tau,908.009,11163.7,-9.186641e-01,False
A,tau^2=m_tau*e,m_tau,908.009,3.15748e+06,-9.997124e-01,False
A,u^2=m_tau*e,m_tau,908.009,4.6656,+1.936179e+02,False
A,d^2=m_tau*e,m_tau,908.009,22.09,+4.010500e+01,False
A,s^2=m_tau*e,m_tau,908.009,8742.25,-8.961355e-01,False
A,c^2=m_tau*e,m_tau,908.009,1.62027e+06,-9.994396e-01,False
A,b^2=m_tau*e,m_tau,908.009,1.75226e+07,-9.999482e-01,False
A,t^2=m_tau*e,m_tau,908.009,2.98218e+10,-1.000000e+00,False
A,e^2=m_tau*mu,m_tau,187748,0.26112,+7.190078e+05,False
A,mu^2=m_tau*mu,m_tau,187748,11163.7,+1.581769e+01,False
A,tau^2=m_tau*mu,m_tau,187748,3.15748e+06,-9.405388e-01,False
A,u^2=m_tau*mu,m_tau,187748,4.6656,+4.023981e+04,False
A,d^2=m_tau*mu,m_tau,187748,22.09,+8.498209e+03,False
A,s^2=m_tau*mu,m_tau,187748,8742.25,+2.047588e+01,False
A,c^2=m_tau*mu,m_tau,187748,1.62027e+06,-8.841261e-01,False
A,b^2=m_tau*mu,m_tau,187748,1.75226e+07,-9.892854e-01,False
A,t^2=m_tau*mu,m_tau,187748,2.98218e+10,-9.999937e-01,False
A,e^2=m_tau*tau,m_tau,3.15748e+06,0.26112,+1.209207e+07,False
A,mu^2=m_tau*tau,m_tau,3.15748e+06,11163.7,+2.818348e+02,False
A,u^2=m_tau*tau,m_tau,3.15748e+06,4.6656,+6.767566e+05,False
A,d^2=m_tau*tau,m_tau,3.15748e+06,22.09,+1.429361e+05,False
A,s^2=m_tau*tau,m_tau,3.15748e+06,8742.25,+3.601748e+02,False
A,c^2=m_tau*tau,m_tau,3.15748e+06,1.62027e+06,+9.487318e-01,False
A,b^2=m_tau*tau,m_tau,3.15748e+06,1.75226e+07,-8.198052e-01,False
A,t^2=m_tau*tau,m_tau,3.15748e+06,2.98218e+10,-9.998941e-01,False
A,e^2=m_tau*u,m_tau,3838.17,0.26112,+1.469787e+04,False
A,mu^2=m_tau*u,m_tau,3838.17,11163.7,-6.561918e-01,False
A,tau^2=m_tau*u,m_tau,3838.17,3.15748e+06,-9.987844e-01,False
A,u^2=m_tau*u,m_tau,3838.17,4.6656,+8.216528e+02,False
A,d^2=m_tau*u,m_tau,3838.17,22.09,+1.727514e+02,False
A,s^2=m_tau*u,m_tau,3838.17,8742.25,-5.609633e-01,False
A,c^2=m_tau*u,m_tau,3838.17,1.62027e+06,-9.976312e-01,False
A,b^2=m_tau*u,m_tau,3838.17,1.75226e+07,-9.997810e-01,False
A,t^2=m_tau*u,m_tau,3838.17,2.98218e+10,-9.999999e-01,False
A,e^2=m_tau*d,m_tau,8351.57,0.26112,+3.198266e+04,False
A,mu^2=m_tau*d,m_tau,8351.57,11163.7,-2.518989e-01,False
A,tau^2=m_tau*d,m_tau,8351.57,3.15748e+06,-9.973550e-01,False
A,u^2=m_tau*d,m_tau,8351.57,4.6656,+1.789032e+03,False
A,d^2=m_tau*d,m_tau,8351.57,22.09,+3.770702e+02,False
A,s^2=m_tau*d,m_tau,8351.57,8742.25,-4.468861e-02,False
A,c^2=m_tau*d,m_tau,8351.57,1.62027e+06,-9.948456e-01,False
A,b^2=m_tau*d,m_tau,8351.57,1.75226e+07,-9.995234e-01,False
A,t^2=m_tau*d,m_tau,8351.57,2.98218e+10,-9.999997e-01,False
A,e^2=m_tau*s,m_tau,166143,0.26112,+6.362697e+05,False
A,mu^2=m_tau*s,m_tau,166143,11163.7,+1.388244e+01,False
A,tau^2=m_tau*s,m_tau,166143,3.15748e+06,-9.473812e-01,False
A,u^2=m_tau*s,m_tau,166143,4.6656,+3.560920e+04,False
A,d^2=m_tau*s,m_tau,166143,22.09,+7.520184e+03,False
A,s^2=m_tau*s,m_tau,166143,8742.25,+1.800460e+01,False
A,c^2=m_tau*s,m_tau,166143,1.62027e+06,-8.974600e-01,False
A,b^2=m_tau*s,m_tau,166143,1.75226e+07,-9.905184e-01,False
A,t^2=m_tau*s,m_tau,166143,2.98218e+10,-9.999944e-01,False
A,e^2=m_tau*c,m_tau,2.26185e+06,0.26112,+8.662127e+06,False
A,mu^2=m_tau*c,m_tau,2.26185e+06,11163.7,+2.016081e+02,False
A,tau^2=m_tau*c,m_tau,2.26185e+06,3.15748e+06,-2.836521e-01,False
A,u^2=m_tau*c,m_tau,2.26185e+06,4.6656,+4.847929e+05,False
A,d^2=m_tau*c,m_tau,2.26185e+06,22.09,+1.023917e+05,False
A,s^2=m_tau*c,m_tau,2.26185e+06,8742.25,+2.577268e+02,False
A,c^2=m_tau*c,m_tau,2.26185e+06,1.62027e+06,+3.959698e-01,False
A,b^2=m_tau*c,m_tau,2.26185e+06,1.75226e+07,-8.709179e-01,False
A,t^2=m_tau*c,m_tau,2.26185e+06,2.98218e+10,-9.999242e-01,False
A,e^2=m_tau*b,m_tau,7.43823e+06,0.26112,+2.848587e+07,False
A,mu^2=m_tau*b,m_tau,7.43823e+06,11163.7,+6.652875e+02,False
A,tau^2=m_tau*b,m_tau,7.43823e+06,3.15748e+06,+1.355748e+00,False
A,u^2=m_tau*b,m_tau,7.43823e+06,4.6656,+1.594270e+06,False
A,d^2=m_tau*b,m_tau,7.43823e+06,22.09,+3.367228e+05,False
A,s^2=m_tau*b,m_tau,7.43823e+06,8742.25,+8.498369e+02,False
A,c^2=m_tau*b,m_tau,7.43823e+06,1.62027e+06,+3.590722e+00,False
A,b^2=m_tau*b,m_tau,7.43823e+06,1.75226e+07,-5.755065e-01,False
A,t^2=m_tau*b,m_tau,7.43823e+06,2.98218e+10,-9.997506e-01,False
A,e^2=m_tau*t,m_tau,3.06858e+08,0.26112,+1.175161e+09,False
A,mu^2=m_tau*t,m_tau,3.06858e+08,11163.7,+2.748615e+04,False
A,tau^2=m_tau*t,m_tau,3.06858e+08,3.15748e+06,+9.618447e+01,False
A,u^2=m_tau*t,m_tau,3.06858e+08,4.6656,+6.577033e+07,False
A,d^2=m_tau*t,m_tau,3.06858e+08,22.09,+1.389126e+07,False
A,s^2=m_tau*t,m_tau,3.06858e+08,8742.25,+3.509958e+04,False
A,c^2=m_tau*t,m_tau,3.06858e+08,1.62027e+06,+1.883865e+02,False
A,b^2=m_tau*t,m_tau,3.06858e+08,1.75226e+07,+1.651213e+01,False
A,t^2=m_tau*t,m_tau,3.06858e+08,2.98218e+10,-9.897103e-01,False
A,e^2=mu+tau*e,mu+tau,962.001,0.26112,+3.683134e+03,False
A,mu^2=mu+tau*e,mu+tau,962.001,11163.7,-9.138277e-01,False
A,tau^2=mu+tau*e,mu+tau,962.001,3.15748e+06,-9.996953e-01,False
A,u^2=mu+tau*e,mu+tau,962.001,4.6656,+2.051901e+02,False
A,d^2=mu+tau*e,mu+tau,962.001,22.09,+4.254915e+01,False
A,s^2=mu+tau*e,mu+tau,962.001,8742.25,-8.899596e-01,False
A,c^2=mu+tau*e,mu+tau,962.001,1.62027e+06,-9.994063e-01,False
A,b^2=mu+tau*e,mu+tau,962.001,1.75226e+07,-9.999451e-01,False
A,t^2=mu+tau*e,mu+tau,962.001,2.98218e+10,-1.000000e+00,False
A,e^2=mu+tau*mu,mu+tau,198911,0.26112,+7.617610e+05,False
A,mu^2=mu+tau*mu,mu+tau,198911,11163.7,+1.681769e+01,False
A,tau^2=mu+tau*mu,mu+tau,198911,3.15748e+06,-9.370032e-01,False
A,u^2=mu+tau*mu,mu+tau,198911,4.6656,+4.263258e+04,False
A,d^2=mu+tau*mu,mu+tau,198911,22.09,+9.003583e+03,False
A,s^2=mu+tau*mu,mu+tau,198911,8742.25,+2.175286e+01,False
A,c^2=mu+tau*mu,mu+tau,198911,1.62027e+06,-8.772361e-01,False
A,b^2=mu+tau*mu,mu+tau,198911,1.75226e+07,-9.886483e-01,False
A,t^2=mu+tau*mu,mu+tau,198911,2.98218e+10,-9.999933e-01,False
A,e^2=mu+tau*tau,mu+tau,3.34523e+06,0.26112,+1.281108e+07,False
A,mu^2=mu+tau*tau,mu+tau,3.34523e+06,11163.7,+2.986525e+02,False
A,tau^2=mu+tau*tau,mu+tau,3.34523e+06,3.15748e+06,+5.946119e-02,False
A,u^2=mu+tau*tau,mu+tau,3.34523e+06,4.6656,+7.169974e+05,False
A,d^2=mu+tau*tau,mu+tau,3.34523e+06,22.09,+1.514353e+05,False
A,s^2=mu+tau*tau,mu+tau,3.34523e+06,8742.25,+3.816507e+02,False
A,c^2=mu+tau*tau,mu+tau,3.34523e+06,1.62027e+06,+1.064606e+00,False
A,b^2=mu+tau*tau,mu+tau,3.34523e+06,1.75226e+07,-8.090906e-01,False
A,t^2=mu+tau*tau,mu+tau,3.34523e+06,2.98218e+10,-9.998878e-01,False
A,e^2=mu+tau*u,mu+tau,4066.39,0.26112,+1.557189e+04,False
A,mu^2=mu+tau*u,mu+tau,4066.39,11163.7,-6.357486e-01,False
A,tau^2=mu+tau*u,mu+tau,4066.39,3.15748e+06,-9.987121e-01,False
A,u^2=mu+tau*u,mu+tau,4066.39,4.6656,+8.705687e+02,False
A,d^2=mu+tau*u,mu+tau,4066.39,22.09,+1.830829e+02,False
A,s^2=mu+tau*u,mu+tau,4066.39,8742.25,-5.348576e-01,False
A,c^2=mu+tau*u,mu+tau,4066.39,1.62027e+06,-9.974903e-01,False
A,b^2=mu+tau*u,mu+tau,4066.39,1.75226e+07,-9.997679e-01,False
A,t^2=mu+tau*u,mu+tau,4066.39,2.98218e+10,-9.999999e-01,False
A,e^2=mu+tau*d,mu+tau,8848.17,0.26112,+3.388445e+04,False
A,mu^2=mu+tau*d,mu+tau,8848.17,11163.7,-2.074159e-01,False
A,tau^2=mu+tau*d,mu+tau,8848.17,3.15748e+06,-9.971977e-01,False
A,u^2=mu+tau*d,mu+tau,8848.17,4.6656,+1.895469e+03,False
A,d^2=mu+tau*d,mu+tau,8848.17,22.09,+3.995507e+02,False
A,s^2=mu+tau*d,mu+tau,8848.17,8742.25,+1.211534e-02,False
A,c^2=mu+tau*d,mu+tau,8848.17,1.62027e+06,-9.945391e-01,False
A,b^2=mu+tau*d,mu+tau,8848.17,1.75226e+07,-9.994950e-01,False
A,t^2=mu+tau*d,mu+tau,8848.17,2.98218e+10,-9.999997e-01,False
A,e^2=mu+tau*s,mu+tau,176022,0.26112,+6.741031e+05,False
A,mu^2=mu+tau*s,mu+tau,176022,11163.7,+1.476737e+01,False
A,tau^2=mu+tau*s,mu+tau,176022,3.15748e+06,-9.442524e-01,False
A,u^2=mu+tau*s,mu+tau,176022,4.6656,+3.772663e+04,False
A,d^2=mu+tau*s,mu+tau,176022,22.09,+7.967403e+03,False
A,s^2=mu+tau*s,mu+tau,176022,8742.25,+1.913464e+01,False
A,c^2=mu+tau*s,mu+tau,176022,1.62027e+06,-8.913628e-01,False
A,b^2=mu+tau*s,mu+tau,176022,1.75226e+07,-9.899546e-01,False
A,t^2=mu+tau*s,mu+tau,176022,2.98218e+10,-9.999941e-01,False
A,e^2=mu+tau*c,mu+tau,2.39635e+06,0.26112,+9.177187e+06,False
A,mu^2=mu+tau*c,mu+tau,2.39635e+06,11163.7,+2.136554e+02,False
A,tau^2=mu+tau*c,mu+tau,2.39635e+06,3.15748e+06,-2.410572e-01,False
A,u^2=mu+tau*c,mu+tau,2.39635e+06,4.6656,+5.136193e+05,False
A,d^2=mu+tau*c,mu+tau,2.39635e+06,22.09,+1.084801e+05,False
A,s^2=mu+tau*c,mu+tau,2.39635e+06,8742.25,+2.731110e+02,False
A,c^2=mu+tau*c,mu+tau,2.39635e+06,1.62027e+06,+4.789759e-01,False
A,b^2=mu+tau*c,mu+tau,2.39635e+06,1.75226e+07,-8.632425e-01,False
A,t^2=mu+tau*c,mu+tau,2.39635e+06,2.98218e+10,-9.999196e-01,False
A,e^2=mu+tau*b,mu+tau,7.88051e+06,0.26112,+3.017968e+07,False
A,mu^2=mu+tau*b,mu+tau,7.88051e+06,11163.7,+7.049058e+02,False
A,tau^2=mu+tau*b,mu+tau,7.88051e+06,3.15748e+06,+1.495824e+00,False
A,u^2=mu+tau*b,mu+tau,7.88051e+06,4.6656,+1.689067e+06,False
A,d^2=mu+tau*b,mu+tau,7.88051e+06,22.09,+3.567448e+05,False
A,s^2=mu+tau*b,mu+tau,7.88051e+06,8742.25,+9.004287e+02,False
A,c^2=mu+tau*b,mu+tau,7.88051e+06,1.62027e+06,+3.863692e+00,False
A,b^2=mu+tau*b,mu+tau,7.88051e+06,1.75226e+07,-5.502656e-01,False
A,t^2=mu+tau*b,mu+tau,7.88051e+06,2.98218e+10,-9.997357e-01,False
A,e^2=mu+tau*t,mu+tau,3.25104e+08,0.26112,+1.245038e+09,False
A,mu^2=mu+tau*t,mu+tau,3.25104e+08,11163.7,+2.912056e+04,False
A,tau^2=mu+tau*t,mu+tau,3.25104e+08,3.15748e+06,+1.019632e+02,False
A,u^2=mu+tau*t,mu+tau,3.25104e+08,4.6656,+6.968111e+07,False
A,d^2=mu+tau*t,mu+tau,3.25104e+08,22.09,+1.471726e+07,False
A,s^2=mu+tau*t,mu+tau,3.25104e+08,8742.25,+3.718670e+04,False
A,c^2=mu+tau*t,mu+tau,3.25104e+08,1.62027e+06,+1.996476e+02,False
A,b^2=mu+tau*t,mu+tau,3.25104e+08,1.75226e+07,+1.755343e+01,False
A,t^2=mu+tau*t,mu+tau,3.25104e+08,2.98218e+10,-9.890985e-01,False
A,e^2=2tau*e,2tau,1816.02,0.26112,+6.953731e+03,False
A,mu^2=2tau*e,2tau,1816.02,11163.7,-8.373281e-01,False
A,tau^2=2tau*e,2tau,1816.02,3.15748e+06,-9.994249e-01,False
A,u^2=2tau*e,2tau,1816.02,4.6656,+3.882358e+02,False
A,d^2=2tau*e,2tau,1816.02,22.09,+8.120999e+01,False
A,s^2=2tau*e,2tau,1816.02,8742.25,-7.922710e-01,False
A,c^2=2tau*e,2tau,1816.02,1.62027e+06,-9.988792e-01,False
A,b^2=2tau*e,2tau,1816.02,1.75226e+07,-9.998964e-01,False
A,t^2=2tau*e,2tau,1816.02,2.98218e+10,-9.999999e-01,False
A,e^2=2tau*mu,2tau,375495,0.26112,+1.438017e+06,False
A,mu^2=2tau*mu,2tau,375495,11163.7,+3.263538e+01,False
A,tau^2=2tau*mu,2tau,375495,3.15748e+06,-8.810776e-01,False
A,u^2=2tau*mu,2tau,375495,4.6656,+8.048063e+04,False
A,d^2=2tau*mu,2tau,375495,22.09,+1.699742e+04,False
A,s^2=2tau*mu,2tau,375495,8742.25,+4.195177e+01,False
A,c^2=2tau*mu,2tau,375495,1.62027e+06,-7.682522e-01,False
A,b^2=2tau*mu,2tau,375495,1.75226e+07,-9.785708e-01,False
A,t^2=2tau*mu,2tau,375495,2.98218e+10,-9.999874e-01,False
A,e^2=2tau*tau,2tau,6.31496e+06,0.26112,+2.418414e+07,False
A,mu^2=2tau*tau,2tau,6.31496e+06,11163.7,+5.646695e+02,False
A,tau^2=2tau*tau,2tau,6.31496e+06,3.15748e+06,+1.000000e+00,False
A,u^2=2tau*tau,2tau,6.31496e+06,4.6656,+1.353514e+06,False
A,d^2=2tau*tau,2tau,6.31496e+06,22.09,+2.858732e+05,False
A,s^2=2tau*tau,2tau,6.31496e+06,8742.25,+7.213496e+02,False
A,c^2=2tau*tau,2tau,6.31496e+06,1.62027e+06,+2.897464e+00,False
A,b^2=2tau*tau,2tau,6.31496e+06,1.75226e+07,-6.396105e-01,False
A,t^2=2tau*tau,2tau,6.31496e+06,2.98218e+10,-9.997882e-01,False
A,e^2=2tau*u,2tau,7676.34,0.26112,+2.939675e+04,False
A,mu^2=2tau*u,2tau,7676.34,11163.7,-3.123836e-01,False
A,tau^2=2tau*u,2tau,7676.34,3.15748e+06,-9.975688e-01,False
A,u^2=2tau*u,2tau,7676.34,4.6656,+1.644306e+03,False
A,d^2=2tau*u,2tau,7676.34,22.09,+3.465028e+02,False
A,s^2=2tau*u,2tau,7676.34,8742.25,-1.219266e-01,False
A,c^2=2tau*u,2tau,7676.34,1.62027e+06,-9.952623e-01,False
A,b^2=2tau*u,2tau,7676.34,1.75226e+07,-9.995619e-01,False
A,t^2=2tau*u,2tau,7676.34,2.98218e+10,-9.999997e-01,False
A,e^2=2tau*d,2tau,16703.1,0.26112,+6.396632e+04,False
A,mu^2=2tau*d,2tau,16703.1,11163.7,+4.962023e-01,False
A,tau^2=2tau*d,2tau,16703.1,3.15748e+06,-9.947100e-01,False
A,u^2=2tau*d,2tau,16703.1,4.6656,+3.579063e+03,False
A,d^2=2tau*d,2tau,16703.1,22.09,+7.551404e+02,False
A,s^2=2tau*d,2tau,16703.1,8742.25,+9.106228e-01,False
A,c^2=2tau*d,2tau,16703.1,1.62027e+06,-9.896912e-01,False
A,b^2=2tau*d,2tau,16703.1,1.75226e+07,-9.990468e-01,False
A,t^2=2tau*d,2tau,16703.1,2.98218e+10,-9.999994e-01,False
A,e^2=2tau*s,2tau,332286,0.26112,+1.272540e+06,False
A,mu^2=2tau*s,2tau,332286,11163.7,+2.876488e+01,False
A,tau^2=2tau*s,2tau,332286,3.15748e+06,-8.947623e-01,False
A,u^2=2tau*s,2tau,332286,4.6656,+7.121940e+04,False
A,d^2=2tau*s,2tau,332286,22.09,+1.504137e+04,False
A,s^2=2tau*s,2tau,332286,8742.25,+3.700920e+01,False
A,c^2=2tau*s,2tau,332286,1.62027e+06,-7.949200e-01,False
A,b^2=2tau*s,2tau,332286,1.75226e+07,-9.810367e-01,False
A,t^2=2tau*s,2tau,332286,2.98218e+10,-9.999889e-01,False
A,e^2=2tau*c,2tau,4.52371e+06,0.26112,+1.732425e+07,False
A,mu^2=2tau*c,2tau,4.52371e+06,11163.7,+4.042161e+02,False
A,tau^2=2tau*c,2tau,4.52371e+06,3.15748e+06,+4.326957e-01,False
A,u^2=2tau*c,2tau,4.52371e+06,4.6656,+9.695867e+05,False
A,d^2=2tau*c,2tau,4.52371e+06,22.09,+2.047844e+05,False
A,s^2=2tau*c,2tau,4.52371e+06,8742.25,+5.164536e+02,False
A,c^2=2tau*c,2tau,4.52371e+06,1.62027e+06,+1.791940e+00,False
A,b^2=2tau*c,2tau,4.52371e+06,1.75226e+07,-7.418357e-01,False
A,t^2=2tau*c,2tau,4.52371e+06,2.98218e+10,-9.998483e-01,False
A,e^2=2tau*b,2tau,1.48765e+07,0.26112,+5.697174e+07,False
A,mu^2=2tau*b,2tau,1.48765e+07,11163.7,+1.331575e+03,False
A,tau^2=2tau*b,2tau,1.48765e+07,3.15748e+06,+3.711497e+00,False
A,u^2=2tau*b,2tau,1.48765e+07,4.6656,+3.188540e+06,False
A,d^2=2tau*b,2tau,1.48765e+07,22.09,+6.734466e+05,False
A,s^2=2tau*b,2tau,1.48765e+07,8742.25,+1.700674e+03,False
A,c^2=2tau*b,2tau,1.48765e+07,1.62027e+06,+8.181444e+00,False
A,b^2=2tau*b,2tau,1.48765e+07,1.75226e+07,-1.510129e-01,False
A,t^2=2tau*b,2tau,1.48765e+07,2.98218e+10,-9.995012e-01,False
A,e^2=2tau*t,2tau,6.13716e+08,0.26112,+2.350323e+09,False
A,mu^2=2tau*t,2tau,6.13716e+08,11163.7,+5.497329e+04,False
A,tau^2=2tau*t,2tau,6.13716e+08,3.15748e+06,+1.933689e+02,False
A,u^2=2tau*t,2tau,6.13716e+08,4.6656,+1.315407e+08,False
A,d^2=2tau*t,2tau,6.13716e+08,22.09,+2.778253e+07,False
A,s^2=2tau*t,2tau,6.13716e+08,8742.25,+7.020016e+04,False
A,c^2=2tau*t,2tau,6.13716e+08,1.62027e+06,+3.777729e+02,False
A,b^2=2tau*t,2tau,6.13716e+08,1.75226e+07,+3.402427e+01,False
A,t^2=2tau*t,2tau,6.13716e+08,2.98218e+10,-9.794206e-01,False
A,e^2=mu_star/2*e,mu_star/2,481.131,0.26112,+1.841567e+03,False
A,mu^2=mu_star/2*e,mu_star/2,481.131,11163.7,-9.569022e-01,False
A,tau^2=mu_star/2*e,mu_star/2,481.131,3.15748e+06,-9.998476e-01,False
A,u^2=mu_star/2*e,mu_star/2,481.131,4.6656,+1.021231e+02,False
A,d^2=mu_star/2*e,mu_star/2,481.131,22.09,+2.078048e+01,False
A,s^2=mu_star/2*e,mu_star/2,481.131,8742.25,-9.449649e-01,False
A,c^2=mu_star/2*e,mu_star/2,481.131,1.62027e+06,-9.997031e-01,False
A,b^2=mu_star/2*e,mu_star/2,481.131,1.75226e+07,-9.999725e-01,False
A,t^2=mu_star/2*e,mu_star/2,481.131,2.98218e+10,-1.000000e+00,False
A,e^2=mu_star/2*mu,mu_star/2,99482.6,0.26112,+3.809834e+05,False
A,mu^2=mu_star/2*mu,mu_star/2,99482.6,11163.7,+7.911264e+00,False
A,tau^2=mu_star/2*mu,mu_star/2,99482.6,3.15748e+06,-9.684930e-01,False
A,u^2=mu_star/2*mu,mu_star/2,99482.6,4.6656,+2.132158e+04,False
A,d^2=mu_star/2*mu,mu_star/2,99482.6,22.09,+4.502513e+03,False
A,s^2=mu_star/2*mu,mu_star/2,99482.6,8742.25,+1.037952e+01,False
A,c^2=mu_star/2*mu,mu_star/2,99482.6,1.62027e+06,-9.386014e-01,False
A,b^2=mu_star/2*mu,mu_star/2,99482.6,1.75226e+07,-9.943226e-01,False
A,t^2=mu_star/2*mu,mu_star/2,99482.6,2.98218e+10,-9.999967e-01,False
A,e^2=mu_star/2*tau,mu_star/2,1.67307e+06,0.26112,+6.407277e+06,False
A,mu^2=mu_star/2*tau,mu_star/2,1.67307e+06,11163.7,+1.488669e+02,False
A,tau^2=mu_star/2*tau,mu_star/2,1.67307e+06,3.15748e+06,-4.701256e-01,False
A,u^2=mu_star/2*tau,mu_star/2,1.67307e+06,4.6656,+3.585955e+05,False
A,d^2=mu_star/2*tau,mu_star/2,1.67307e+06,22.09,+7.573770e+04,False
A,s^2=mu_star/2*tau,mu_star/2,1.67307e+06,8742.25,+1.903773e+02,False
A,c^2=mu_star/2*tau,mu_star/2,1.67307e+06,1.62027e+06,+3.258305e-02,False
A,b^2=mu_star/2*tau,mu_star/2,1.67307e+06,1.75226e+07,-9.045194e-01,False
A,t^2=mu_star/2*tau,mu_star/2,1.67307e+06,2.98218e+10,-9.999439e-01,False
A,e^2=mu_star/2*u,mu_star/2,2033.75,0.26112,+7.787557e+03,False
A,mu^2=mu_star/2*u,mu_star/2,2033.75,11163.7,-8.178248e-01,False
A,tau^2=mu_star/2*u,mu_star/2,2033.75,3.15748e+06,-9.993559e-01,False
A,u^2=mu_star/2*u,mu_star/2,2033.75,4.6656,+4.349026e+02,False
A,d^2=mu_star/2*u,mu_star/2,2033.75,22.09,+9.106642e+01,False
A,s^2=mu_star/2*u,mu_star/2,2033.75,8742.25,-7.673657e-01,False
A,c^2=mu_star/2*u,mu_star/2,2033.75,1.62027e+06,-9.987448e-01,False
A,b^2=mu_star/2*u,mu_star/2,2033.75,1.75226e+07,-9.998839e-01,False
A,t^2=mu_star/2*u,mu_star/2,2033.75,2.98218e+10,-9.999999e-01,False
A,e^2=mu_star/2*d,mu_star/2,4425.28,0.26112,+1.694632e+04,False
A,mu^2=mu_star/2*d,mu_star/2,4425.28,11163.7,-6.036004e-01,False
A,tau^2=mu_star/2*d,mu_star/2,4425.28,3.15748e+06,-9.985985e-01,False
A,u^2=mu_star/2*d,mu_star/2,4425.28,4.6656,+9.474918e+02,False
A,d^2=mu_star/2*d,mu_star/2,4425.28,22.09,+1.993297e+02,False
A,s^2=mu_star/2*d,mu_star/2,4425.28,8742.25,-4.938050e-01,False
A,c^2=mu_star/2*d,mu_star/2,4425.28,1.62027e+06,-9.972688e-01,False
A,b^2=mu_star/2*d,mu_star/2,4425.28,1.75226e+07,-9.997475e-01,False
A,t^2=mu_star/2*d,mu_star/2,4425.28,2.98218e+10,-9.999999e-01,False
A,e^2=mu_star/2*s,mu_star/2,88034.9,0.26112,+3.371425e+05,False
A,mu^2=mu_star/2*s,mu_star/2,88034.9,11163.7,+6.885822e+00,False
A,tau^2=mu_star/2*s,mu_star/2,88034.9,3.15748e+06,-9.721186e-01,False
A,u^2=mu_star/2*s,mu_star/2,88034.9,4.6656,+1.886793e+04,False
A,d^2=mu_star/2*s,mu_star/2,88034.9,22.09,+3.984283e+03,False
A,s^2=mu_star/2*s,mu_star/2,88034.9,8742.25,+9.070050e+00,False
A,c^2=mu_star/2*s,mu_star/2,88034.9,1.62027e+06,-9.456667e-01,False
A,b^2=mu_star/2*s,mu_star/2,88034.9,1.75226e+07,-9.949759e-01,False
A,t^2=mu_star/2*s,mu_star/2,88034.9,2.98218e+10,-9.999970e-01,False
A,e^2=mu_star/2*c,mu_star/2,1.1985e+06,0.26112,+4.589839e+06,False
A,mu^2=mu_star/2*c,mu_star/2,1.1985e+06,11163.7,+1.063568e+02,False
A,tau^2=mu_star/2*c,mu_star/2,1.1985e+06,3.15748e+06,-6.204256e-01,False
A,u^2=mu_star/2*c,mu_star/2,1.1985e+06,4.6656,+2.568788e+05,False
A,d^2=mu_star/2*c,mu_star/2,1.1985e+06,22.09,+5.425426e+04,False
A,s^2=mu_star/2*c,mu_star/2,1.1985e+06,8742.25,+1.360927e+02,False
A,c^2=mu_star/2*c,mu_star/2,1.1985e+06,1.62027e+06,-2.603113e-01,False
A,b^2=mu_star/2*c,mu_star/2,1.1985e+06,1.75226e+07,-9.316027e-01,False
A,t^2=mu_star/2*c,mu_star/2,1.1985e+06,2.98218e+10,-9.999598e-01,False
A,e^2=mu_star/2*b,mu_star/2,3.94133e+06,0.26112,+1.509393e+07,False
A,mu^2=mu_star/2*b,mu_star/2,3.94133e+06,11163.7,+3.520487e+02,False
A,tau^2=mu_star/2*b,mu_star/2,3.94133e+06,3.15748e+06,+2.482507e-01,False
A,u^2=mu_star/2*b,mu_star/2,3.94133e+06,4.6656,+8.447622e+05,False
A,d^2=mu_star/2*b,mu_star/2,3.94133e+06,22.09,+1.784203e+05,False
A,s^2=mu_star/2*b,mu_star/2,3.94133e+06,8742.25,+4.498367e+02,False
A,c^2=mu_star/2*b,mu_star/2,3.94133e+06,1.62027e+06,+1.432506e+00,False
A,b^2=mu_star/2*b,mu_star/2,3.94133e+06,1.75226e+07,-7.750717e-01,False
A,t^2=mu_star/2*b,mu_star/2,3.94133e+06,2.98218e+10,-9.998678e-01,False
A,e^2=mu_star/2*t,mu_star/2,1.62596e+08,0.26112,+6.226879e+08,False
A,mu^2=mu_star/2*t,mu_star/2,1.62596e+08,11163.7,+1.456373e+04,False
A,tau^2=mu_star/2*t,mu_star/2,1.62596e+08,3.15748e+06,+5.049556e+01,False
A,u^2=mu_star/2*t,mu_star/2,1.62596e+08,4.6656,+3.485001e+07,False
A,d^2=mu_star/2*t,mu_star/2,1.62596e+08,22.09,+7.360624e+06,False
A,s^2=mu_star/2*t,mu_star/2,1.62596e+08,8742.25,+1.859790e+04,False
A,c^2=mu_star/2*t,mu_star/2,1.62596e+08,1.62027e+06,+9.935104e+01,False
A,b^2=mu_star/2*t,mu_star/2,1.62596e+08,1.75226e+07,+8.279231e+00,False
A,t^2=mu_star/2*t,mu_star/2,1.62596e+08,2.98218e+10,-9.945477e-01,False
A,e^2=2mu_star*e,2mu_star,1924.52,0.26112,+7.369267e+03,False
A,mu^2=2mu_star*e,2mu_star,1924.52,11163.7,-8.276087e-01,False
A,tau^2=2mu_star*e,2mu_star,1924.52,3.15748e+06,-9.993905e-01,False
A,u^2=2mu_star*e,2mu_star,1924.52,4.6656,+4.114922e+02,False
A,d^2=2mu_star*e,2mu_star,1924.52,22.09,+8.612194e+01,False
A,s^2=2mu_star*e,2mu_star,1924.52,8742.25,-7.798595e-01,False
A,c^2=2mu_star*e,2mu_star,1924.52,1.62027e+06,-9.988122e-01,False
A,b^2=2mu_star*e,2mu_star,1924.52,1.75226e+07,-9.998902e-01,False
A,t^2=2mu_star*e,2mu_star,1924.52,2.98218e+10,-9.999999e-01,False
A,e^2=2mu_star*mu,2mu_star,397930,0.26112,+1.523936e+06,False
A,mu^2=2mu_star*mu,2mu_star,397930,11163.7,+3.464506e+01,False
A,tau^2=2mu_star*mu,2mu_star,397930,3.15748e+06,-8.739722e-01,False
A,u^2=2mu_star*mu,2mu_star,397930,4.6656,+8.528930e+04,False
A,d^2=2mu_star*mu,2mu_star,397930,22.09,+1.801305e+04,False
A,s^2=2mu_star*mu,2mu_star,397930,8742.25,+4.451808e+01,False
A,c^2=2mu_star*mu,2mu_star,397930,1.62027e+06,-7.544055e-01,False
A,b^2=2mu_star*mu,2mu_star,397930,1.75226e+07,-9.772904e-01,False
A,t^2=2mu_star*mu,2mu_star,397930,2.98218e+10,-9.999867e-01,False
A,e^2=2mu_star*tau,2mu_star,6.69227e+06,0.26112,+2.562911e+07,False
A,mu^2=2mu_star*tau,2mu_star,6.69227e+06,11163.7,+5.984676e+02,False
A,tau^2=2mu_star*tau,2mu_star,6.69227e+06,3.15748e+06,+1.119498e+00,False
A,u^2=2mu_star*tau,2mu_star,6.69227e+06,4.6656,+1.434385e+06,False
A,d^2=2mu_star*tau,2mu_star,6.69227e+06,22.09,+3.029538e+05,False
A,s^2=2mu_star*tau,2mu_star,6.69227e+06,8742.25,+7.645091e+02,False
A,c^2=2mu_star*tau,2mu_star,6.69227e+06,1.62027e+06,+3.130332e+00,False
A,b^2=2mu_star*tau,2mu_star,6.69227e+06,1.75226e+07,-6.180776e-01,False
A,t^2=2mu_star*tau,2mu_star,6.69227e+06,2.98218e+10,-9.997756e-01,False
A,e^2=2mu_star*u,2mu_star,8134.99,0.26112,+3.115323e+04,False
A,mu^2=2mu_star*u,2mu_star,8134.99,11163.7,-2.712994e-01,False
A,tau^2=2mu_star*u,2mu_star,8134.99,3.15748e+06,-9.974236e-01,False
A,u^2=2mu_star*u,2mu_star,8134.99,4.6656,+1.742611e+03,False
A,d^2=2mu_star*u,2mu_star,8134.99,22.09,+3.672657e+02,False
A,s^2=2mu_star*u,2mu_star,8134.99,8742.25,-6.946275e-02,False
A,c^2=2mu_star*u,2mu_star,8134.99,1.62027e+06,-9.949793e-01,False
A,b^2=2mu_star*u,2mu_star,8134.99,1.75226e+07,-9.995357e-01,False
A,t^2=2mu_star*u,2mu_star,8134.99,2.98218e+10,-9.999997e-01,False
A,e^2=2mu_star*d,2mu_star,17701.1,0.26112,+6.778829e+04,False
A,mu^2=2mu_star*d,2mu_star,17701.1,11163.7,+5.855985e-01,False
A,tau^2=2mu_star*d,2mu_star,17701.1,3.15748e+06,-9.943939e-01,False
A,u^2=2mu_star*d,2mu_star,17701.1,4.6656,+3.792967e+03,False
A,d^2=2mu_star*d,2mu_star,17701.1,22.09,+8.003189e+02,False
A,s^2=2mu_star*d,2mu_star,17701.1,8742.25,+1.024780e+00,False
A,c^2=2mu_star*d,2mu_star,17701.1,1.62027e+06,-9.890752e-01,False
A,b^2=2mu_star*d,2mu_star,17701.1,1.75226e+07,-9.989898e-01,False
A,t^2=2mu_star*d,2mu_star,17701.1,2.98218e+10,-9.999994e-01,False
A,e^2=2mu_star*s,2mu_star,352140,0.26112,+1.348573e+06,False
A,mu^2=2mu_star*s,2mu_star,352140,11163.7,+3.054329e+01,False
A,tau^2=2mu_star*s,2mu_star,352140,3.15748e+06,-8.884745e-01,False
A,u^2=2mu_star*s,2mu_star,352140,4.6656,+7.547473e+04,False
A,d^2=2mu_star*s,2mu_star,352140,22.09,+1.594013e+04,False
A,s^2=2mu_star*s,2mu_star,352140,8742.25,+3.928020e+01,False
A,c^2=2mu_star*s,2mu_star,352140,1.62027e+06,-7.826667e-01,False
A,b^2=2mu_star*s,2mu_star,352140,1.75226e+07,-9.799037e-01,False
A,t^2=2mu_star*s,2mu_star,352140,2.98218e+10,-9.999882e-01,False
A,e^2=2mu_star*c,2mu_star,4.79399e+06,0.26112,+1.835936e+07,False
A,mu^2=2mu_star*c,2mu_star,4.79399e+06,11163.7,+4.284273e+02,False
A,tau^2=2mu_star*c,2mu_star,4.79399e+06,3.15748e+06,+5.182975e-01,False
A,u^2=2mu_star*c,2mu_star,4.79399e+06,4.6656,+1.027518e+06,False
A,d^2=2mu_star*c,2mu_star,4.79399e+06,22.09,+2.170200e+05,False
A,s^2=2mu_star*c,2mu_star,4.79399e+06,8742.25,+5.473708e+02,False
A,c^2=2mu_star*c,2mu_star,4.79399e+06,1.62027e+06,+1.958755e+00,False
A,b^2=2mu_star*c,2mu_star,4.79399e+06,1.75226e+07,-7.264107e-01,False
A,t^2=2mu_star*c,2mu_star,4.79399e+06,2.98218e+10,-9.998392e-01,False
A,e^2=2mu_star*b,2mu_star,1.57653e+07,0.26112,+6.037574e+07,False
A,mu^2=2mu_star*b,2mu_star,1.57653e+07,11163.7,+1.411195e+03,False
A,tau^2=2mu_star*b,2mu_star,1.57653e+07,3.15748e+06,+3.993003e+00,False
A,u^2=2mu_star*b,2mu_star,1.57653e+07,4.6656,+3.379052e+06,False
A,d^2=2mu_star*b,2mu_star,1.57653e+07,22.09,+7.136843e+05,False
A,s^2=2mu_star*b,2mu_star,1.57653e+07,8742.25,+1.802347e+03,False
A,c^2=2mu_star*b,2mu_star,1.57653e+07,1.62027e+06,+8.730023e+00,False
A,b^2=2mu_star*b,2mu_star,1.57653e+07,1.75226e+07,-1.002870e-01,False
A,t^2=2mu_star*b,2mu_star,1.57653e+07,2.98218e+10,-9.994714e-01,False
A,e^2=2mu_star*t,2mu_star,6.50385e+08,0.26112,+2.490752e+09,False
A,mu^2=2mu_star*t,2mu_star,6.50385e+08,11163.7,+5.825794e+04,False
A,tau^2=2mu_star*t,2mu_star,6.50385e+08,3.15748e+06,+2.049822e+02,False
A,u^2=2mu_star*t,2mu_star,6.50385e+08,4.6656,+1.394000e+08,False
A,d^2=2mu_star*t,2mu_star,6.50385e+08,22.09,+2.944250e+07,False
A,s^2=2mu_star*t,2mu_star,6.50385e+08,8742.25,+7.439459e+04,False
A,c^2=2mu_star*t,2mu_star,6.50385e+08,1.62027e+06,+4.004041e+02,False
A,b^2=2mu_star*t,2mu_star,6.50385e+08,1.75226e+07,+3.611692e+01,False
A,t^2=2mu_star*t,2mu_star,6.50385e+08,2.98218e+10,-9.781910e-01,False
A,e^2=1.5mu_star*e,1.5mu_star,1443.39,0.26112,+5.526700e+03,False
A,mu^2=1.5mu_star*e,1.5mu_star,1443.39,11163.7,-8.707065e-01,False
A,tau^2=1.5mu_star*e,1.5mu_star,1443.39,3.15748e+06,-9.995429e-01,False
A,u^2=1.5mu_star*e,1.5mu_star,1443.39,4.6656,+3.083692e+02,False
A,d^2=1.5mu_star*e,1.5mu_star,1443.39,22.09,+6.434145e+01,False
A,s^2=1.5mu_star*e,1.5mu_star,1443.39,8742.25,-8.348946e-01,False
A,c^2=1.5mu_star*e,1.5mu_star,1443.39,1.62027e+06,-9.991092e-01,False
A,b^2=1.5mu_star*e,1.5mu_star,1443.39,1.75226e+07,-9.999176e-01,False
A,t^2=1.5mu_star*e,1.5mu_star,1443.39,2.98218e+10,-1.000000e+00,False
A,e^2=1.5mu_star*mu,1.5mu_star,298448,0.26112,+1.142952e+06,False
A,mu^2=1.5mu_star*mu,1.5mu_star,298448,11163.7,+2.573379e+01,False
A,tau^2=1.5mu_star*mu,1.5mu_star,298448,3.15748e+06,-9.054791e-01,False
A,u^2=1.5mu_star*mu,1.5mu_star,298448,4.6656,+6.396673e+04,False
A,d^2=1.5mu_star*mu,1.5mu_star,298448,22.09,+1.350954e+04,False
A,s^2=1.5mu_star*mu,1.5mu_star,298448,8742.25,+3.313856e+01,False
A,c^2=1.5mu_star*mu,1.5mu_star,298448,1.62027e+06,-8.158041e-01,False
A,b^2=1.5mu_star*mu,1.5mu_star,298448,1.75226e+07,-9.829678e-01,False
A,t^2=1.5mu_star*mu,1.5mu_star,298448,2.98218e+10,-9.999900e-01,False
A,e^2=1.5mu_star*tau,1.5mu_star,5.0192e+06,0.26112,+1.922183e+07,False
A,mu^2=1.5mu_star*tau,1.5mu_star,5.0192e+06,11163.7,+4.486007e+02,False
A,tau^2=1.5mu_star*tau,1.5mu_star,5.0192e+06,3.15748e+06,+5.896231e-01,False
A,u^2=1.5mu_star*tau,1.5mu_star,5.0192e+06,4.6656,+1.075789e+06,False
A,d^2=1.5mu_star*tau,1.5mu_star,5.0192e+06,22.09,+2.272151e+05,False
A,s^2=1.5mu_star*tau,1.5mu_star,5.0192e+06,8742.25,+5.731318e+02,False
A,c^2=1.5mu_star*tau,1.5mu_star,5.0192e+06,1.62027e+06,+2.097749e+00,False
A,b^2=1.5mu_star*tau,1.5mu_star,5.0192e+06,1.75226e+07,-7.135582e-01,False
A,t^2=1.5mu_star*tau,1.5mu_star,5.0192e+06,2.98218e+10,-9.998317e-01,False
A,e^2=1.5mu_star*u,1.5mu_star,6101.24,0.26112,+2.336467e+04,False
A,mu^2=1.5mu_star*u,1.5mu_star,6101.24,11163.7,-4.534745e-01,False
A,tau^2=1.5mu_star*u,1.5mu_star,6101.24,3.15748e+06,-9.980677e-01,False
A,u^2=1.5mu_star*u,1.5mu_star,6101.24,4.6656,+1.306708e+03,False
A,d^2=1.5mu_star*u,1.5mu_star,6101.24,22.09,+2.751993e+02,False
A,s^2=1.5mu_star*u,1.5mu_star,6101.24,8742.25,-3.020971e-01,False
A,c^2=1.5mu_star*u,1.5mu_star,6101.24,1.62027e+06,-9.962344e-01,False
A,b^2=1.5mu_star*u,1.5mu_star,6101.24,1.75226e+07,-9.996518e-01,False
A,t^2=1.5mu_star*u,1.5mu_star,6101.24,2.98218e+10,-9.999998e-01,False
A,e^2=1.5mu_star*d,1.5mu_star,13275.9,0.26112,+5.084097e+04,False
A,mu^2=1.5mu_star*d,1.5mu_star,13275.9,11163.7,+1.891989e-01,False
A,tau^2=1.5mu_star*d,1.5mu_star,13275.9,3.15748e+06,-9.957954e-01,False
A,u^2=1.5mu_star*d,1.5mu_star,13275.9,4.6656,+2.844476e+03,False
A,d^2=1.5mu_star*d,1.5mu_star,13275.9,22.09,+5.999892e+02,False
A,s^2=1.5mu_star*d,1.5mu_star,13275.9,8742.25,+5.185851e-01,False
A,c^2=1.5mu_star*d,1.5mu_star,13275.9,1.62027e+06,-9.918064e-01,False
A,b^2=1.5mu_star*d,1.5mu_star,13275.9,1.75226e+07,-9.992424e-01,False
A,t^2=1.5mu_star*d,1.5mu_star,13275.9,2.98218e+10,-9.999996e-01,False
A,e^2=1.5mu_star*s,1.5mu_star,264105,0.26112,+1.011430e+06,False
A,mu^2=1.5mu_star*s,1.5mu_star,264105,11163.7,+2.265747e+01,False
A,tau^2=1.5mu_star*s,1.5mu_star,264105,3.15748e+06,-9.163559e-01,False
A,u^2=1.5mu_star*s,1.5mu_star,264105,4.6656,+5.660580e+04,False
A,d^2=1.5mu_star*s,1.5mu_star,264105,22.09,+1.195485e+04,False
A,s^2=1.5mu_star*s,1.5mu_star,264105,8742.25,+2.921015e+01,False
A,c^2=1.5mu_star*s,1.5mu_star,264105,1.62027e+06,-8.370000e-01,False
A,b^2=1.5mu_star*s,1.5mu_star,264105,1.75226e+07,-9.849278e-01,False
A,t^2=1.5mu_star*s,1.5mu_star,264105,2.98218e+10,-9.999911e-01,False
A,e^2=1.5mu_star*c,1.5mu_star,3.5955e+06,0.26112,+1.376952e+07,False
A,mu^2=1.5mu_star*c,1.5mu_star,3.5955e+06,11163.7,+3.210705e+02,False
A,tau^2=1.5mu_star*c,1.5mu_star,3.5955e+06,3.15748e+06,+1.387231e-01,False
A,u^2=1.5mu_star*c,1.5mu_star,3.5955e+06,4.6656,+7.706385e+05,False
A,d^2=1.5mu_star*c,1.5mu_star,3.5955e+06,22.09,+1.627648e+05,False
A,s^2=1.5mu_star*c,1.5mu_star,3.5955e+06,8742.25,+4.102781e+02,False
A,c^2=1.5mu_star*c,1.5mu_star,3.5955e+06,1.62027e+06,+1.219066e+00,False
A,b^2=1.5mu_star*c,1.5mu_star,3.5955e+06,1.75226e+07,-7.948080e-01,False
A,t^2=1.5mu_star*c,1.5mu_star,3.5955e+06,2.98218e+10,-9.998794e-01,False
A,e^2=1.5mu_star*b,1.5mu_star,1.1824e+07,0.26112,+4.528180e+07,False
A,mu^2=1.5mu_star*b,1.5mu_star,1.1824e+07,11163.7,+1.058146e+03,False
A,tau^2=1.5mu_star*b,1.5mu_star,1.1824e+07,3.15748e+06,+2.744752e+00,False
A,u^2=1.5mu_star*b,1.5mu_star,1.1824e+07,4.6656,+2.534288e+06,False
A,d^2=1.5mu_star*b,1.5mu_star,1.1824e+07,22.09,+5.352630e+05,False
A,s^2=1.5mu_star*b,1.5mu_star,1.1824e+07,8742.25,+1.351510e+03,False
A,c^2=1.5mu_star*b,1.5mu_star,1.1824e+07,1.62027e+06,+6.297518e+00,False
A,b^2=1.5mu_star*b,1.5mu_star,1.1824e+07,1.75226e+07,-3.252152e-01,False
A,t^2=1.5mu_star*b,1.5mu_star,1.1824e+07,2.98218e+10,-9.996035e-01,False
A,e^2=1.5mu_star*t,1.5mu_star,4.87789e+08,0.26112,+1.868064e+09,False
A,mu^2=1.5mu_star*t,1.5mu_star,4.87789e+08,11163.7,+4.369320e+04,False
A,tau^2=1.5mu_star*t,1.5mu_star,4.87789e+08,3.15748e+06,+1.534867e+02,False
A,u^2=1.5mu_star*t,1.5mu_star,4.87789e+08,4.6656,+1.045500e+08,False
A,d^2=1.5mu_star*t,1.5mu_star,4.87789e+08,22.09,+2.208188e+07,False
A,s^2=1.5mu_star*t,1.5mu_star,4.87789e+08,8742.25,+5.579569e+04,False
A,c^2=1.5mu_star*t,1.5mu_star,4.87789e+08,1.62027e+06,+3.000531e+02,False
A,b^2=1.5mu_star*t,1.5mu_star,4.87789e+08,1.75226e+07,+2.683769e+01,False
A,t^2=1.5mu_star*t,1.5mu_star,4.87789e+08,2.98218e+10,-9.836432e-01,False
