class,residual_pct
P,-99.998477
P,5069.207068
P,-99.998985
P,-99.998290
P,-99.999597
P,-99.999573
P,-99.993910
P,-99.999619
P,-99.999323
P,-99.974394
P,86834.131548
P,-99.982929
P,-99.971243
P,-99.993222
P,-99.992811
P,-99.897576
P,-99.993598
P,-99.988620
P,-99.999968
P,7.524683
P,-99.999979
P,-99.999964
P,-99.999992
P,-99.999991
P,-99.999873
P,-99.999992
P,-99.999986
P,-99.999931
P,133.965745
P,-99.999954
P,-99.999923
P,-99.999982
P,-99.999981
P,-99.999724
P,-99.999983
P,-99.999969
P,-99.998638
P,4524.556952
P,-99.999092
P,-99.998470
P,-99.999639
P,-99.999618
P,-99.994551
P,-99.999659
P,-99.999395
P,-99.981657
P,62175.078955
P,-99.987771
P,-99.979400
P,-99.995144
P,-99.994850
P,-99.926628
P,-99.995414
P,-99.991848
P,-99.939678
P,204694.941083
P,-99.959786
P,-99.932255
P,-99.984032
P,-99.983064
P,-99.758714
P,-99.984920
P,-99.973190
P,-97.512779
P,8444144.345656
P,-98.341853
P,-97.206683
P,-99.341597
P,-99.301671
P,-90.051117
P,-99.378195
P,-98.894569
P,-94.705466
P,17975121.088861
P,-96.470310
P,-94.053881
P,-98.598461
P,-98.513470
P,-78.821863
P,-98.676366
P,-97.646874
P,-99.993451
P,22132.693977
P,-99.995634
P,-99.992646
P,-99.998267
P,-99.998161
P,-99.973806
P,-99.998363
P,-99.997090
P,-99.985751
P,48276.695228
P,-99.990501
P,-99.983997
P,-99.996228
P,-99.995999
P,-99.943003
P,-99.996438
P,-99.993667
P,-99.718351
P,956111.699302
P,-99.812234
P,-99.683690
P,-99.925444
P,-99.920922
P,-98.873406
P,-99.929588
P,-99.874823
P,-96.207272
P,12876411.131002
P,-97.471514
P,-95.740510
P,-98.996011
P,-98.935128
P,-84.829087
P,-99.051818
P,-98.314343
P,-87.527409
P,42344998.275100
P,-91.684939
P,-85.992439
P,-96.698327
P,-96.498110
P,-50.109637
P,-96.881852
P,-94.456626
P,414.278351
P,1746001802.121902
P,242.852234
P,477.569274
P,36.136813
P,44.392318
P,1957.113402
P,28.569588
P,128.568156
P,-99.889868
P,373802.596194
P,-99.926579
P,-99.876315
P,-99.970847
P,-99.969079
P,-99.559474
P,-99.972467
P,-99.951053
P,-99.760362
P,813484.352830
P,-99.840241
P,-99.730870
P,-99.936564
P,-99.932718
P,-99.041447
P,-99.940090
P,-99.893494
P,-95.263321
P,16081173.697422
P,-96.842214
P,-94.680390
P,-98.746133
P,-98.670097
P,-81.053283
P,-98.815830
P,-97.894809
P,-36.215063
P,216553096.239626
P,-57.476709
P,-28.365214
P,-83.115218
P,-82.091304
P,155.139746
P,-84.053766
P,-71.651139
P,109.760189
P,712146713.935954
P,39.840126
P,135.574840
P,-44.473487
P,-41.106290
P,739.040756
P,-47.559953
P,-6.773249
P,8548.974822
P,29363721850.632023
P,5665.983214
P,9613.382069
P,2189.506965
P,2328.345517
P,34495.899286
P,2062.243705
P,3743.988810
P,-99.999704
P,906.283698
P,-99.999802
P,-99.999667
P,-99.999922
P,-99.999917
P,-99.998814
P,-99.999926
P,-99.999868
P,-99.994141
P,19790.160745
P,-99.996094
P,-99.993420
P,-99.998449
P,-99.998355
P,-99.976566
P,-99.998535
P,-99.997396
P,-99.921107
P,267744.324028
P,-99.947405
P,-99.911398
P,-99.979116
P,-99.977850
P,-99.684430
P,-99.980277
P,-99.964937
P,-99.740558
P,880720.441812
P,-99.827038
P,-99.708629
P,-99.931322
P,-99.927157
P,-98.962230
P,-99.935139
P,-99.884692
P,-89.302495
P,36318487.734519
P,-92.868330
P,-87.985981
P,-97.168218
P,-96.996495
P,-57.209982
P,-97.325624
P,-95.245554
P,-99.987252
P,43179.516435
P,-99.991501
P,-99.985683
P,-99.996625
P,-99.996421
P,-99.949009
P,-99.996813
P,-99.994334
P,-99.828336
P,582709.408765
P,-99.885557
P,-99.807209
P,-99.954558
P,-99.951802
P,-99.313343
P,-99.957084
P,-99.923705
P,-99.435473
P,1916500.035424
P,-99.623648
P,-99.365998
P,-99.850562
P,-99.841499
P,-97.741890
P,-99.858868
P,-99.749099
P,-76.723022
P,79026456.644556
P,-84.482015
P,-73.858384
P,-93.838252
P,-93.464596
P,-6.892090
P,-94.180756
P,-89.654677
P,-96.606890
P,11519685.973250
P,-97.737927
P,-96.189309
P,-99.101795
P,-99.047327
P,-86.427560
P,-99.151722
P,-98.491951
P,-88.841576
P,37883334.742734
P,-92.561050
P,-87.468337
P,-97.046206
P,-96.867084
P,-55.366302
P,-97.210394
P,-95.040700
P,360.091749
P,1562035455.804086
P,206.727833
P,416.714066
P,21.792847
P,29.178516
P,1740.366996
P,15.022937
P,104.485222
P,50.261262
P,510144745.018698
P,0.174175
P,68.753532
P,-60.223701
P,-57.811617
P,501.045048
P,-62.434684
P,-33.217217
P,6095.674591
P,21034639233.546909
P,4030.449727
P,6858.160443
P,1540.083411
P,1639.540111
P,24682.698363
P,1448.918648
P,2653.633151
P,20274.808576
P,69173540830.338089
P,13483.205717
P,22782.284244
P,5293.502365
P,5620.571061
P,81399.234304
P,4993.702144
P,8955.470478
T,5848025.740717
T,-91.053516
T,-57.641496
T,16449.174157
T,3000890.603020
T,32454369.201002
T,55176944166.388580
T,1129.468851
T,-99.468031
T,-97.481313
T,884.033618
T,178342.477760
T,1929681.417103
T,3280886764.558906
T,993930.432974
T,281146257.941544
T,1936.368518
T,795495.075672
T,144271349.634118
T,1560235814.775074
T,2652610017299.516113
T,456731.007494
T,129207587.905050
T,97.662395
T,365535.183713
T,66303374.725467
T,717044490.620034
T,1219071837683.607422
T,23012.010067
T,6536779.797134
T,-89.999857
T,-52.652788
T,3354327.677176
T,36276644.627709
T,61675324308.858490
T,1616.301426
T,485329.700278
T,-99.257388
T,-96.483989
T,1273.681245
T,2693816.641914
T,4580018987.312952
T,421.901597
T,147511.912442
T,-99.774183
T,-98.930834
T,317.715924
T,75647.680842
T,1392715212.049846
T,-87.342526
T,3479.973728
T,-99.994523
T,-99.974070
T,-89.869300
T,1737.078749
T,19767.245038
T,-99.999861
T,-99.997427
T,-99.987819
T,-95.240887
T,763.007012
T,9233.063040
T,15867357.143728
T,-99.887553
T,1359617.042956
T,-90.151446
T,3747.761684
T,697644.585119
T,7545718.412464
T,12828901812.096266
T,-99.948322
T,624791.236763
T,-99.044039
T,1668.333029
T,320565.596565
T,3467765.483175
T,5895835672.367646
T,-99.997386
T,31514.518975
T,-99.951636
T,-99.771013
T,16123.124907
T,175346.369978
T,298282226.481463
T,-99.999806
T,2247.699047
T,-99.996408
T,-99.982995
T,-93.356422
T,12928.674450
T,22150391.493758
T,-99.999941
T,613.900171
T,-99.998908
T,-99.994829
T,-97.979787
T,266.340910
T,6735533.211277
T,-99.999999
T,-82.686060
T,-99.999974
T,-99.999875
T,-99.951005
T,-91.115278
T,-3.915413
T,-99.993314
T,185.857354
T,-99.414393
T,128.792495
T,41388.724585
T,448583.355720
T,762821696.852400
T,-99.996927
T,31.372741
T,-99.943157
T,5.147189
T,18967.158533
T,206103.414543
T,350573321.532167
T,-99.999845
T,-93.353586
T,-99.997124
T,-99.986384
T,864.646341
T,10332.250251
T,17736122.617881
T,-99.999988
T,-99.506436
T,-99.999786
T,-99.998989
T,-99.604965
T,674.700510
T,1316994.622612
T,-99.999996
T,-99.849915
T,-99.999935
T,-99.999693
T,-99.879876
T,-78.216933
T,400408.778099
T,-100.000000
T,-99.996360
T,-99.999998
T,-99.999993
T,-99.997087
T,-99.471704
T,-94.286696
T,-97.515611
T,106115.381505
T,30041301.829357
T,84911.918834
T,15415773.151249
T,166716176.915451
T,283439998955.033752
T,-99.874310
T,5273.652240
T,1519755.636146
T,-88.991548
T,779820.385478
T,8434415.624355
T,14339806095.464569
T,-99.990666
T,299.048243
T,112764.713566
T,-99.182511
T,219.387422
T,626248.429004
T,1064876116.105692
T,-99.997162
T,21.344603
T,34220.471548
T,-99.751414
T,-2.879061
T,17511.695981
T,323812832.508585
T,-99.999931
T,-97.057077
T,732.360915
T,-99.993971
T,-97.644564
T,327.129544
T,4519.228941
T,-99.942236
T,2369.593370
T,698386.845548
T,-98.931452
T,358331.496305
T,3876188.031619
T,6590208704.724143
T,-99.995710
T,83.392384
T,51769.740703
T,-99.920649
T,46.782304
T,287753.746095
T,489389820.593254
T,-99.998696
T,-44.233119
T,15672.812456
T,-99.975871
T,-55.365696
T,7993.885813
T,148816056.216711
T,-99.999968
T,-98.647508
T,282.531825
T,-99.999415
T,-98.917502
T,96.297833
T,2022.879684
T,-99.999783
T,-90.721806
T,2524.195708
T,-99.995985
T,-99.980993
T,14463.106638
T,24759131.720003
T,-99.999934
T,-97.178640
T,697.978671
T,-99.998779
T,-99.994220
T,309.486150
T,7528812.101384
T,-99.999998
T,-99.931575
T,-80.646937
T,-99.999970
T,-99.999860
T,-90.068893
T,7.400802
T,-99.999995
T,-99.790485
T,-40.741981
T,-99.999909
T,-99.999571
T,-99.832310
T,558998.171944
T,-100.000000
T,-99.994919
T,-98.562839
T,-99.999998
T,-99.999990
T,-99.995933
T,-92.024400
T,-100.000000
T,-99.998455
T,-99.562981
T,-99.999999
T,-99.999997
T,-99.998763
T,-99.775742
A,368413.354461
A,-91.380434
A,-99.969524
A,19821.264848
A,4107.544286
A,-89.230563
A,-99.940611
A,-99.994508
A,-99.999997
A,76196773.457137
A,1682.252818
A,-93.698608
A,4118985.721977
A,869886.706404
A,2126.777910
A,-87.720276
A,-98.864522
A,-99.999332
A,1281455437.352935
A,29873.378677
A,5.974877
A,69273414.355251
A,14631068.337522
A,37349.264702
A,106.516609
A,-80.903881
A,-99.988768
A,1584871.259416
A,-62.927357
A,-99.868925
A,85581.107219
A,17996.594560
A,-53.680790
A,-99.744569
A,-99.976381
A,-99.999986
A,3448680.055211
A,-19.332675
A,-99.714790
A,186335.742559
A,39276.849275
A,0.787170
A,-99.444202
A,-99.948607
A,-99.999970
A,68168339.814702
A,1494.466917
A,-94.362550
A,3684980.953986
A,778221.127158
A,1892.154915
A,-89.014121
A,-98.984161
A,-99.999402
A,917967829.798333
A,21371.365624
A,-24.085124
A,49623833.651184
A,10480906.104254
A,26726.700567
A,47.937731
A,-86.320536
A,-99.991954
A,3018786728.608548
A,70509.738787
A,149.650146
A,163190870.432758
A,34467251.364920
A,88121.045310
A,386.501171
A,-55.014348
A,-99.973540
A,124472672288.398331
A,2911328.789944
A,10193.744660
A,6728801022.000502
A,1421181181.792918
A,3637490.162554
A,19959.747289
A,1754.878992
A,-98.908981
A,100.000000
A,-99.995322
A,-99.999983
A,-89.188308
A,-97.716477
A,-99.994155
A,-99.999968
A,-99.999997
A,-100.000000
A,41253.656542
A,-99.032734
A,-99.996580
A,2135.515035
A,372.160206
A,-98.791480
A,-99.993336
A,-99.999384
A,-100.000000
A,695373.052381
A,-83.732813
A,-99.942485
A,37496.202969
A,7840.644843
A,-79.675491
A,-99.887919
A,-99.989636
A,-99.999994
A,760.197461
A,-99.979880
A,-99.999929
A,-53.499049
A,-90.178595
A,-99.974862
A,-99.999861
A,-99.999987
A,-100.000000
A,1771.725957
A,-99.956220
A,-99.999845
A,1.182625
A,-78.629350
A,-99.945301
A,-99.999698
A,-99.999972
A,-100.000000
A,36896.455618
A,-99.134649
A,-99.996940
A,1899.971458
A,322.411355
A,-98.918815
A,-99.994038
A,-99.999449
A,-100.000000
A,498100.631638
A,-88.347035
A,-99.958799
A,26831.959480
A,5588.263927
A,-85.440582
A,-99.919711
A,-99.992576
A,-99.999996
A,1638259.528663
A,-61.678600
A,-99.864510
A,88467.194896
A,18606.161363
A,-52.120571
A,-99.735966
A,-99.975585
A,-99.999986
A,67553854.765245
A,1480.094048
A,-94.413367
A,3651762.837825
A,771205.172302
A,1874.197200
A,-89.113150
A,-98.993318
A,-99.999408
A,451234.840916
A,-89.443231
A,-99.962675
A,24298.466954
A,5053.168285
A,-86.810188
A,-99.927264
A,-99.993274
A,-99.999996
A,93321629.982703
A,2082.804998
A,-92.282402
A,5044729.112813
A,1065411.756847
A,2627.234825
A,-84.960471
A,-98.609329
A,-99.999182
A,1569455997.289361
A,36609.741813
A,29.792187
A,84842281.429866
A,17919348.383847
A,45765.794881
A,152.930158
A,-76.612126
A,-99.986244
A,1941085.421273
A,-54.595471
A,-99.839466
A,104837.496641
A,22063.711377
A,-43.270785
A,-99.687163
A,-99.971073
A,-99.999983
A,4223775.685177
A,-1.203107
A,-99.650690
A,228236.219543
A,48126.594201
A,23.438570
A,-99.319289
A,-99.937056
A,-99.999963
A,83488847.053823
A,1852.815180
A,-93.095562
A,4513183.999057
A,953144.808782
A,2339.881515
A,-86.545101
A,-98.755856
A,-99.999268
A,1124276414.122462
A,26196.944930
A,-7.023645
A,60776558.237565
A,12836458.473209
A,32755.863936
A,81.185977
A,-83.246147
A,-99.990146
A,3697243586.162800
A,86378.915450
A,205.757736
A,199867204.094937
A,42213611.814637
A,107948.272792
A,495.839814
A,-44.904054
A,-99.967593
A,152447267036.096313
A,3565657.478906
A,12507.210979
A,8241064564.784086
A,1740584386.193601
A,4455019.895812
A,24468.072613
A,2171.753532
A,-98.663780
A,347636.526191
A,-91.866406
A,-99.971243
A,18698.101484
A,3870.322421
A,-89.837746
A,-99.943960
A,-99.994818
A,-99.999997
A,71900784.355445
A,1581.769184
A,-94.053881
A,3886751.162110
A,820836.748843
A,2001.231898
A,-88.412609
A,-98.928540
A,-99.999370
A,1209206816.471299
A,28183.475899
A,65367765.091657
A,13806161.266258
A,35237.870550
A,94.873177
A,-81.980523
A,-99.989401
A,1495510.384776
A,-65.017517
A,-99.876315
A,80750.395850
A,16976.306332
A,-56.292273
A,-99.758971
A,-99.977713
A,-99.999987
A,3254237.411319
A,-23.880709
A,-99.730870
A,175824.472452
A,37056.777667
A,-4.895223
A,-99.475538
A,-99.951504
A,-99.999971
A,64324994.789686
A,1404.570676
A,-94.680390
A,3477215.636343
A,734339.286235
A,1779.836976
A,-89.633507
A,-99.041434
A,-99.999436
A,866212684.958505
A,20160.807388
A,-28.365214
A,46826030.165606
A,9889985.690387
A,25214.207888
A,39.596983
A,-87.091786
A,-99.992408
A,2848587155.743816
A,66528.753026
A,135.574840
A,153990143.438783
A,32523977.853689
A,83147.131919
A,359.072175
A,-57.550645
A,-99.975032
A,117454887702.528091
A,2747182.076510
A,9613.382069
A,6349430386.749621
A,1341054806.246222
A,3432402.381576
A,18828.776268
A,1650.300686
A,-98.970492
A,716149.880652
A,-83.246841
A,-99.940767
A,38619.366332
A,8077.866707
A,-79.068309
A,-99.884571
A,-99.989327
A,-99.999994
A,148097657.812583
A,3364.022002
A,-87.752488
A,8005836.884086
A,1690823.455246
A,4228.009808
A,-76.132885
A,-97.793062
A,-99.998702
A,2490662353.824234
A,58156.854577
A,105.974877
A,134641279.446908
A,28437329.603780
A,72687.135252
A,301.389787
A,-62.884404
A,-99.978169
A,3080481.644192
A,-27.944874
A,-99.745239
A,166431.503069
A,35072.900893
A,-9.973063
A,-99.503540
A,-99.954093
A,-99.999973
A,6703017.466530
A,56.786617
A,-99.445660
A,362260.215011
A,76433.626942
A,95.891947
A,-98.919740
A,-99.900111
A,-99.999941
A,132493434.604389
A,2999.037594
A,-89.042939
A,7162296.590329
A,1512660.413392
A,3771.991891
A,-78.647628
A,-98.025595
A,-99.998839
A,1784180614.756838
A,41632.173012
A,47.549662
A,96449963.816790
A,20370991.794641
A,52040.908456
A,187.534714
A,-73.412322
A,-99.984361
A,5867373984.352364
A,137138.491813
A,385.224985
A,317181113.871541
A,66991329.218609
A,171368.177229
A,845.573347
A,-12.564993
A,-99.948572
A,241927560090.926422
A,5658610.866454
A,19907.126729
A,13078231508.750122
A,2762236088.039139
A,7069992.544130
A,38888.523557
A,3505.179678
A,-97.879473
A,695373.052381
A,-83.732813
A,-99.942485
A,37496.202969
A,7840.644843
A,-79.675491
A,-99.887919
A,-99.989636
A,-99.999994
A,143801668.710891
A,3263.538369
A,-88.107762
A,7773602.324219
A,1641773.497686
A,4102.463795
A,-76.825217
A,-97.857081
A,-99.998740
A,2418413732.942599
A,56466.951799
A,100.000000
A,130735630.183314
A,27612422.532516
A,70575.741100
A,289.746355
A,-63.961045
A,-99.978802
A,2991120.769553
A,-30.035034
A,-99.752630
A,161600.791701
A,34052.612665
A,-12.584545
A,-99.517941
A,-99.955425
A,-99.999974
A,6508574.822638
A,52.238583
A,-99.461740
A,351748.944905
A,74213.555335
A,90.209554
A,-98.951076
A,-99.903008
A,-99.999943
A,128650089.579372
A,2909.141353
A,-89.360780
A,6954531.272687
A,1468778.572469
A,3659.673951
A,-79.267013
A,-98.082868
A,-99.998872
A,1732425469.917011
A,40421.614776
A,43.269572
A,93652160.331212
A,19780071.380774
A,50528.415776
A,179.193967
A,-74.183572
A,-99.984815
A,5697174411.487632
A,133157.506052
A,371.149680
A,307980386.877566
A,65048055.707378
A,166394.263839
A,818.144351
A,-15.101290
A,-99.950064
A,234909775505.056183
A,5494464.153020
A,19326.764138
A,12698860873.499243
A,2682109712.492444
A,6864904.763152
A,37757.552536
A,3400.601372
A,-97.940985
A,184156.677231
A,-95.690217
A,-99.984762
A,9860.632424
A,2003.772143
A,-94.615282
A,-99.970306
A,-99.997254
A,-99.999998
A,38098336.728569
A,791.126409
A,-96.849304
A,2059442.860988
A,434893.353202
A,1013.388955
A,-93.860138
A,-99.432261
A,-99.999666
A,640727668.676468
A,14886.689339
A,-47.012562
A,34636657.177626
A,7315484.168761
A,18624.632351
A,3.258305
A,-90.451941
A,-99.994384
A,792385.629708
A,-81.463678
A,-99.934462
A,42740.553609
A,8948.297280
A,-76.840395
A,-99.872285
A,-99.988190
A,-99.999993
A,1724290.027605
A,-59.666337
A,-99.857395
A,93117.871280
A,19588.424637
A,-49.606415
A,-99.722101
A,-99.974303
A,-99.999985
A,34084119.907351
A,697.233459
A,-97.181275
A,1842440.476993
A,389060.563579
A,896.077457
A,-94.507061
A,-99.492080
A,-99.999701
A,458983864.899166
A,10635.682812
A,-62.042562
A,24811866.825592
A,5240403.052127
A,13313.350284
A,-26.031135
A,-93.160268
A,-99.995977
A,1509393314.304274
A,35204.869394
A,24.825073
A,81595385.216379
A,17233575.682460
A,44010.522655
A,143.250586
A,-77.507174
A,-99.986770
A,62236336094.199165
A,1455614.394972
A,5046.872330
A,3364400461.000251
A,710590540.896459
A,1818695.081277
A,9929.873644
A,827.439496
A,-99.454490
A,736926.708923
A,-82.760868
A,-99.939049
A,39742.529696
A,8315.088572
A,-78.461127
A,-99.881222
A,-99.989017
A,-99.999994
A,152393646.914274
A,3464.505635
A,-87.397215
A,8238071.443953
A,1739873.412807
A,4353.555821
A,-75.440553
A,-97.729044
A,-99.998664
A,2562910974.705871
A,59846.757355
A,111.949753
A,138546928.710502
A,29262236.675044
A,74798.529404
A,313.033218
A,-61.807762
A,-99.977536
A,3169842.518832
A,-25.854714
A,-99.737849
A,171262.214437
A,36093.189121
A,-7.361580
A,-99.489139
A,-99.952762
A,-99.999972
A,6897460.110422
A,61.334650
A,-99.429580
A,372771.485118
A,78653.698550
A,101.574340
A,-98.888404
A,-99.897213
A,-99.999940
A,136336779.629405
A,3088.933835
A,-88.725099
A,7370061.907971
A,1556542.254316
A,3884.309830
A,-78.028243
A,-97.968322
A,-99.998805
A,1835935759.596666
A,42842.731248
A,51.829752
A,99247767.302369
A,20961912.208508
A,53553.401135
A,195.875461
A,-72.641072
A,-99.983908
A,6037573557.217095
A,141119.477575
A,399.300291
A,326381840.865517
A,68934602.729840
A,176342.090619
A,873.002342
A,-10.028697
A,-99.947080
A,248945344676.796661
A,5822757.579889
A,20487.489319
A,13457602144.001003
A,2842362463.585835
A,7275080.325108
A,40019.494577
A,3609.757984
A,-97.817961
A,552670.031692
A,-87.070651
A,-99.954287
A,29781.897272
A,6211.316429
A,-83.845845
A,-99.910917
A,-99.991763
A,-99.999995
A,114295210.185706
A,2573.379227
A,-90.547911
A,6178528.582965
A,1304880.059605
A,3240.166865
A,-81.580414
A,-98.296783
A,-99.998998
A,1922183206.029403
A,44860.068016
A,58.962315
A,103910171.532877
A,21946652.506283
A,56073.897053
A,209.774914
A,-71.355822
A,-99.983152
A,2377356.889124
A,-44.391035
A,-99.803387
A,128421.660828
A,27044.891841
A,-30.521185
A,-99.616854
A,-99.964571
A,-99.999979
A,5173070.082816
A,21.000988
A,-99.572185
A,279553.613839
A,58965.273912
A,51.180755
A,-99.166303
A,-99.922910
A,-99.999955
A,102252559.722054
A,2291.700376
A,-91.543824
A,5527521.430979
A,1167381.690737
A,2888.232372
A,-83.521182
A,-98.476241
A,-99.999104
A,1376951794.697499
A,32107.048436
A,13.872314
A,74435800.476777
A,15721409.156381
A,40140.050851
A,121.906596
A,-79.480804
A,-99.987931
A,4528180142.912822
A,105814.608181
A,274.475219
A,244786355.649138
A,51700927.047380
A,132231.567965
A,629.751757
A,-32.521523
A,-99.960310
A,186709008482.597473
A,4367043.184916
A,15340.616989
A,10093201583.000751
A,2131771822.689376
A,5456285.243831
A,29989.620933
A,2682.318488
A,-98.363471
S,-94.025123
S,4730.711368
S,2120.071608
S,12.317939
S,-91.659253
S,-97.463703
S,-99.938488
S,-94.025123
S,-97.012562
S,1582.252818
S,80773.646326
S,37067.462992
S,1780.377568
S,39.637128
S,-57.538438
S,-98.970196
S,-97.436267
S,-99.847557
S,-43.357228
S,-97.134327
S,-99.787195
S,-99.935289
S,-99.998431
S,-99.847557
S,-99.923779
S,-94.990223
S,-99.702113
S,140.843068
S,-94.400204
S,-99.584158
S,-99.873549
S,-99.996933
S,-99.702113
S,-99.851056
S,-10.052801
S,-94.651632
S,4224.176401
S,1887.281070
S,-92.533840
S,-97.729652
S,-99.944938
S,-94.651632
S,-97.325816
S,1105.215387
S,-28.336457
S,57840.258393
S,26527.863431
S,1247.157784
S,-69.579288
S,-99.262218
S,-28.336457
S,-64.168228
S,3862.308695
S,135.603597
S,190386.440939
S,87442.704772
S,4328.963535
S,228.895514
S,-97.574443
S,135.603597
S,17.801799
S,163257.150043
S,9613.410826
S,7853231.103783
S,3609090.464717
S,182496.288312
S,13459.628486
S,4023.280244
S,9613.410826
S,4756.705413
S,368313.354461
S,85557.856743
S,39266.163950
S,1891.614323
S,47.897586
S,-55.026556
S,-98.909277
S,184106.677231
S,21006.927001
S,-93.930196
S,2155.343729
S,14.102428
S,-91.526736
S,-97.423407
S,-99.937511
S,10453.463501
S,-93.930196
S,-96.965098
S,21512.691249
S,-93.784751
S,4925.053485
S,16.836550
S,-91.323700
S,-97.361667
S,-99.936014
S,10706.345625
S,-93.784751
S,-96.892375
S,39075.056080
S,-88.734271
S,9008.386819
S,4085.982027
S,-84.273382
S,-95.217771
S,-99.884018
S,19487.528040
S,-88.734271
S,-94.367135
S,269677.144090
S,-22.419095
S,62624.468810
S,28726.564389
S,1358.394539
S,-67.067406
S,-99.201299
S,134788.572045
S,-22.419095
S,-61.209547
S,839756.592603
S,141.520959
S,195170.651356
S,89641.405730
S,4440.200290
S,237.155973
S,-97.513524
S,419828.296301
S,141.520959
S,20.760479
S,33797554.210893
S,9619.328188
S,7858015.314201
S,3611289.165675
S,182607.525066
S,13467.888945
S,4025.792126
S,16898727.105447
S,9619.328188
S,4759.664094
S,348066.624921
S,1583.849285
S,37102.735114
S,1782.162056
S,39.769644
S,-57.498141
S,-98.969219
S,173983.312461
S,348572.389169
S,1586.295328
S,80967.988443
S,1784.896179
S,39.972680
S,-57.436401
S,-98.967722
S,174236.194585
S,366134.754000
S,1671.232750
S,85051.321776
S,39033.373412
S,47.022999
S,-55.292505
S,-98.915727
S,183017.377000
S,596736.842010
S,2786.500938
S,138667.403767
S,63673.955774
S,3126.454167
S,-27.142140
S,-98.233007
S,298318.421005
S,1166816.290522
S,5543.594246
S,271213.586314
S,124588.797114
S,6208.259919
S,368.452353
S,-96.545232
S,583358.145261
S,34124613.908813
S,164938.435595
S,7934058.249158
S,3646236.557060
S,184375.584695
S,13599.185325
S,4065.717391
S,17062256.954407
S,1265.961709
S,-93.393756
S,-99.607185
S,-92.615716
S,-99.451642
S,-99.833253
S,-99.995956
S,-99.629332
S,582.980855
S,-99.697351
S,-99.607185
S,-99.809290
S,-99.803592
S,-99.258664
S,-99.814666
S,-99.752888
S,18828.326539
S,-8.456334
S,-94.556705
S,1922.553191
S,-92.401324
S,-97.689356
S,-99.943961
S,-94.863598
S,9364.163270
S,-95.806145
S,-94.556705
S,-97.357301
S,-97.278352
S,-89.727196
S,-97.431799
S,-96.575732
S,249430.414549
S,1106.811854
S,-28.241529
S,26563.135553
S,1248.942272
S,-69.538992
S,-99.261241
S,-32.287280
S,124665.207275
S,-44.712796
S,-28.241529
S,-65.161542
S,-64.120764
S,35.425439
S,-66.143640
S,-54.858187
S,819509.863062
S,3863.905161
S,135.698525
S,87477.976894
S,4330.748024
S,229.028030
S,-97.573466
S,122.409813
S,409704.931531
S,81.596852
S,135.698525
S,14.430715
S,17.849262
S,344.819626
S,11.204907
S,48.273209
S,33777307.481353
S,163258.746510
S,9613.505754
S,3609125.736839
S,182498.072800
S,13459.761002
S,4023.320540
S,9065.857105
S,16888603.740677
S,7383.890987
S,9613.505754
S,4615.869195
S,4756.752877
S,18231.714209
S,4482.928552
S,6010.571403
S,19334.090787
S,-6.010291
S,-94.411260
S,4418.518519
S,-92.198287
S,-97.627616
S,-99.942463
S,-94.726354
S,9617.045394
S,-95.694086
S,-94.411260
S,-97.286688
S,-97.205630
S,-89.452707
S,-97.363177
S,-96.484236
S,249936.178797
S,1109.257897
S,-28.096084
S,58034.600510
S,1251.676395
S,-69.477252
S,-99.259744
S,-32.150036
S,124918.089399
S,-44.600736
S,-28.096084
S,-65.090929
S,-64.048042
S,35.699928
S,-66.075018
S,-54.766691
S,820015.627310
S,3866.351205
S,135.843970
S,190580.783056
S,4333.482146
S,229.231067
S,-97.571969
S,122.547058
S,409957.813655
S,81.708912
S,135.843970
S,14.501328
S,17.921985
S,345.094115
S,11.273529
S,48.364705
S,33777813.245601
S,163261.192554
S,9613.651199
S,7853425.445900
S,182500.806923
S,13459.964039
S,4023.382280
S,9065.994349
S,16888856.622801
S,7384.003047
S,9613.651199
S,4615.939808
S,4756.825599
S,18231.988698
S,4482.997175
S,6010.662899
S,267498.543628
S,1194.195319
S,-23.045604
S,62117.933843
S,28493.773851
S,-67.333355
S,-99.207749
S,-27.384302
S,133699.271814
S,-40.709531
S,-23.045604
S,-62.638941
S,-61.522802
S,45.231395
S,-63.692151
S,-51.589535
S,837577.992141
S,3951.288627
S,140.894450
S,194664.116389
S,89408.615192
S,236.281385
S,-97.519973
S,127.312791
S,418738.996070
S,85.600117
S,140.894450
S,16.953317
S,20.447225
S,354.625582
S,13.656396
S,51.541861
S,33795375.610432
S,163346.129976
S,9618.701679
S,7857508.779234
S,3611056.375137
S,13467.014357
S,4025.526177
S,9070.760083
S,16897637.805216
S,7387.894252
S,9618.701679
S,4618.391796
S,4759.350840
S,18241.520165
S,4485.380041
S,6013.840055
S,1068180.080151
S,5066.556815
S,207.209626
S,248280.198380
S,114049.197553
S,5675.040135
S,-96.837254
S,189.889109
S,534040.040075
S,136.693466
S,207.209626
S,49.149076
S,53.604813
S,479.778218
S,44.944555
S,93.259406
S,34025977.698441
S,164461.398164
S,9685.016855
S,7911124.861225
S,3635696.957499
S,183842.364911
S,4053.676541
S,9133.336401
S,17012938.849221
S,7438.987602
S,9685.016855
S,4650.587556
S,4792.508427
S,18366.672801
S,4516.668200
S,6055.557600
S,34596057.146954
S,167218.491472
S,9848.956909
S,8043671.043771
S,3696611.798839
S,186924.170662
S,13788.443711
S,9288.033494
S,17297978.573477
S,7565.297250
S,9848.956909
S,4730.179813
S,4874.478454
S,18676.066988
S,4594.016747
S,6158.688996
D,-94.082638
D,4684.210417
D,2098.700958
D,11.236755
D,-91.739541
D,-97.488118
D,-99.939080
D,-94.082638
D,-97.041319
D,1581.285551
D,80727.145375
D,37046.092343
D,1779.296383
D,39.556839
D,-57.562852
D,-98.970789
D,-98.403533
D,-99.905072
D,-64.727878
D,-98.215512
D,-99.867484
D,-99.959704
D,-99.999023
D,-99.905072
D,-99.952536
D,-95.957489
D,-99.759628
D,94.342117
D,-95.481389
D,-99.664447
D,-99.897963
D,-99.997525
D,-99.759628
D,-99.879814
D,-11.020068
D,-94.709147
D,4177.675450
D,1865.910420
D,-92.614129
D,-97.754067
D,-99.945530
D,-94.709147
D,-97.354574
D,1104.248120
D,-28.393972
D,57793.757442
D,26506.492782
D,1246.076599
D,-69.603703
D,-99.262811
D,-28.393972
D,-64.196986
D,3861.341428
D,135.546082
D,190339.939988
D,87421.334122
D,4327.882351
D,228.815225
D,-97.575035
D,135.546082
D,17.773041
D,163256.182777
D,9613.353312
D,7853184.602832
D,3609069.094068
D,182495.207127
D,13459.548197
D,4023.255829
D,9613.353312
D,4756.676656
D,326959.697920
D,75942.934958
D,34847.391385
D,1668.059629
D,31.296380
D,-60.074734
D,-99.031708
D,163429.848960
D,20146.729540
D,-94.177566
D,2063.428836
D,9.452266
D,-91.872058
D,-97.528414
D,-99.940058
D,10023.364770
D,-94.177566
D,-97.088783
D,19640.965292
D,-94.323011
D,4489.868300
D,6.718143
D,-92.075094
D,-97.590155
D,-99.941555
D,9770.482646
D,-94.323011
D,-97.161505
D,2078.600462
D,-99.373491
D,406.534967
D,132.790538
D,-99.125412
D,-99.734051
D,-99.993550
D,989.300231
D,-99.373491
D,-99.686746
D,228323.487548
D,-34.311333
D,53009.547024
D,24307.791824
D,1134.839845
D,-72.115585
D,-99.323730
D,114111.743774
D,-34.311333
D,-67.155667
D,798402.936061
D,129.628721
D,185555.729570
D,85222.633164
D,4216.645596
D,220.554767
D,-97.635955
D,399151.468030
D,129.628721
D,14.814360
D,33756200.554352
D,9607.435950
D,7848400.392415
D,3606870.393110
D,182383.970373
D,13451.287739
D,4020.743947
D,16878050.277176
D,9607.435950
D,4753.717975
D,347206.427460
D,1579.689084
D,37010.820221
D,1777.511895
D,39.424322
D,-57.603149
D,-98.971766
D,173553.213730
D,346700.663212
D,1577.243041
D,80532.803258
D,1774.777772
D,39.221286
D,-57.664889
D,-98.973263
D,173300.331606
D,329138.298382
D,1492.305619
D,76449.469924
D,35080.181923
D,32.170968
D,-59.808785
D,-99.025258
D,164519.149191
D,98536.210372
D,377.037431
D,22833.387933
D,10439.599561
D,433.219784
D,-87.959150
D,-99.707978
D,49218.105186
D,471343.238141
D,2180.055877
D,109512.794613
D,50275.241779
D,2448.585967
D,89.258386
D,-98.604247
D,235621.619071
D,33429140.856432
D,161574.897226
D,7772357.457457
D,3571923.001725
D,180615.910744
D,13319.991358
D,3980.818681
D,16714520.428216
D,405.764248
D,-97.553956
D,-99.854555
D,-97.265877
D,-99.796964
D,-99.938260
D,-99.998503
D,-99.862756
D,152.882124
D,-99.887940
D,-99.854555
D,-99.929387
D,-99.927278
D,-99.725511
D,-99.931378
D,-99.908504
D,17968.129078
D,-12.616535
D,-94.804075
D,1830.638298
D,-92.746645
D,-97.794363
D,-99.946508
D,-95.097022
D,8934.064539
D,-95.996735
D,-94.804075
D,-97.477399
D,-97.402038
D,-90.194044
D,-97.548511
D,-96.731348
D,248570.217088
D,1102.651653
D,-28.488899
D,26471.220660
D,1244.292111
D,-69.643999
D,-99.263788
D,-32.520704
D,124235.108544
D,-44.903386
D,-28.488899
D,-65.281639
D,-64.244450
D,34.958592
D,-66.260352
D,-55.013803
D,818649.665601
D,3859.744961
D,135.451155
D,87386.062000
D,4326.097862
D,228.682709
D,-97.576013
D,122.176389
D,409274.832801
D,81.406262
D,135.451155
D,14.310618
D,17.725577
D,344.352779
D,11.088195
D,48.117593
D,33776447.283892
D,163254.586310
D,9613.258384
D,3609033.821946
D,182493.422639
D,13459.415681
D,4023.215533
D,9065.623681
D,16888173.641946
D,7383.700398
D,9613.258384
D,4615.749098
D,4756.629192
D,18231.247362
D,4482.811840
D,6010.415787
D,17462.364830
D,-15.062578
D,-94.949520
D,3983.333333
D,-92.949682
D,-97.856104
D,-99.948005
D,-95.234266
D,8681.182415
D,-96.108795
D,-94.949520
D,-97.548011
D,-97.474760
D,-90.468533
D,-97.617133
D,-96.822844
D,248064.452840
D,1100.205610
D,-28.634344
D,57599.415324
D,1241.557988
D,-69.705739
D,-99.265285
D,-32.657949
D,123982.226420
D,-45.015445
D,-28.634344
D,-65.352252
D,-64.317172
D,34.684103
D,-66.328974
D,-55.105299
D,818143.901353
D,3857.298918
D,135.305710
D,190145.597871
D,4323.363740
D,228.479672
D,-97.577510
D,122.039145
D,409021.950677
D,81.294203
D,135.305710
D,14.240005
D,17.652855
D,344.078290
D,11.019572
D,48.026097
D,33775941.519644
D,163252.140266
D,9613.112939
D,7852990.260715
D,182490.688516
D,13459.212644
D,4023.153792
D,9065.486436
D,16887920.759822
D,7383.588338
D,9613.112939
D,4615.678485
D,4756.556470
D,18230.972873
D,4482.743218
D,6010.324291
D,230502.088010
D,1015.268188
D,-33.684824
D,53516.081991
D,24540.582362
D,-71.849636
D,-99.317280
D,-37.423682
D,115201.044005
D,-48.906650
D,-33.684824
D,-67.804241
D,-66.842412
D,25.152636
D,-68.711841
D,-58.282455
D,800581.536523
D,3772.361496
D,130.255230
D,186062.264537
D,85455.423702
D,221.429354
D,-97.629505
D,117.273411
D,400240.768261
D,77.402997
D,130.255230
D,11.788017
D,15.127615
D,334.546823
D,8.636706
D,44.848941
D,33758379.154814
D,163167.202845
D,9608.062459
D,7848906.927382
D,3607103.183648
D,13452.162326
D,4021.009896
D,9060.720703
D,16879139.577407
D,7379.697133
D,9608.062459
D,4613.226496
D,4754.031229
D,18221.441406
D,4480.360351
D,6007.147135
D,569979.448513
D,2657.093308
D,63.940054
D,132446.182546
D,60814.841340
D,2981.805751
D,-98.312225
D,54.697094
D,284939.724256
D,26.309648
D,63.940054
D,-20.407743
D,-18.029973
D,209.394187
D,-22.651453
D,3.131396
D,33527777.066804
D,162051.934657
D,9541.747283
D,7795290.845391
D,3582462.601286
D,181149.130528
D,3992.859532
D,8998.144385
D,16763838.533402
D,7328.603783
D,9541.747283
D,4581.030737
D,4720.873642
D,18096.288770
D,4449.072192
D,5965.429590
D,32957697.618291
D,159294.841349
D,9377.807229
D,7662744.662845
D,3521547.759946
D,178067.324777
D,13130.732972
D,8843.447291
D,16478798.809145
D,7202.294135
D,9377.807229
D,4501.438480
D,4638.903615
D,17786.894583
D,4371.723646
D,5862.298194
K,423980.422819
K,194796.534742
K,9760.212199
K,632.220876
K,122.657418
K,-94.599977
K,4227.661787
K,1888.882864
K,0.621630
K,-92.527822
K,-97.727822
K,-99.944894
K,-72.259899
K,10207.327681
K,421.468677
K,-61.275656
K,-88.224506
K,-99.714414
K,-72.259899
K,-86.129949
K,-99.574134
K,58.238178
K,-91.994409
K,-99.405504
K,-99.819223
K,-99.995616
K,-99.574134
K,-99.787067
K,-66.533463
K,26957.827642
K,529.116337
K,-53.281724
K,-85.793671
K,-99.655459
K,-66.533463
K,-83.266732
K,-99.780394
K,77.551999
K,-95.871773
K,-99.693437
K,-99.906779
K,-99.997739
K,-99.780394
K,-99.890197
K,-0.290083
K,80515.862522
K,36948.992138
K,39.192036
K,-57.673783
K,-98.973479
K,-0.290083
K,-50.145042
K,-99.975496
K,-80.188815
K,-90.895285
K,-99.965794
K,-99.989598
K,-99.999748
K,-99.975496
K,-99.987748
K,322.546718
K,341530.693779
K,156904.744375
K,7843.189436
K,79.368356
K,-95.649850
K,322.546718
K,111.273359
K,-97.479465
K,1937.862420
K,836.549538
K,-52.618054
K,-98.930049
K,-99.974051
K,-97.479465
K,-98.739733
K,840.983451
K,760688.844942
K,349539.128739
K,17588.954845
K,1213.584510
K,-90.312504
K,840.983451
K,370.491725
K,-72.568231
K,22078.694218
K,10092.761598
K,415.672546
K,-61.706077
K,-99.717588
K,-72.568231
K,-86.284115
K,17656.961662
K,14356473.795022
K,6597814.765372
K,333701.931079
K,24688.182800
K,7437.715692
K,17656.961662
K,8778.480831
K,4671.193547
K,3857428.869408
K,1772721.778281
K,89590.660473
K,6560.442257
K,1925.340886
K,4671.193547
K,2285.596773
K,3741.502623
K,84773.632009
K,4193.929714
K,218.867882
K,-3.037046
K,-97.648396
K,491.184557
K,12961.550500
K,560.810413
K,-50.928117
K,-85.077974
K,-99.638102
K,4188.713333
K,206078.216271
K,4693.809980
K,255.989067
K,8.250952
K,-97.374632
K,391.788801
K,23542.554297
K,449.708475
K,-59.178564
K,-87.586812
K,-99.698948
K,8418.651991
K,409430.863064
K,188109.928557
K,607.099482
K,115.018378
K,-94.785244
K,0.603423
K,4736.470213
K,2122.718226
K,-91.649309
K,-97.460680
K,-99.938415
K,23386.534790
K,1129005.975106
K,518808.277921
K,26152.625471
K,492.821097
K,-85.622543
K,-99.819335
K,-91.314600
K,-96.008412
K,-99.798057
K,-99.995440
K,-99.999889
K,43028.086611
K,2073265.897596
K,952766.029534
K,48107.430988
K,3479.891248
K,-73.598821
K,-97.366956
K,26.582557
K,-41.825889
K,-97.056853
K,-99.781441
K,-99.998388
K,497996.895292
K,23945713.448958
K,11004784.478670
K,556659.494615
K,41245.045799
K,12472.410129
K,34495.234592
K,1663052.373754
K,764242.367513
K,38569.635385
K,2771.613078
K,773.214593
K,-19.409369
K,-95.207985
K,-9.917931
K,-93.310492
K,-97.965821
K,-99.950666
K,-95.207985
K,-97.603993
K,-99.800284
K,-99.988125
K,-99.776763
K,-99.983422
K,-99.994959
K,-99.999878
K,-99.988125
K,-99.994062
K,333.046384
K,-74.250546
K,9467.667413
K,-64.054539
K,-89.069523
K,-99.734907
K,-74.250546
K,-87.125273
K,-94.322955
K,-99.662436
K,25.427846
K,-99.528771
K,-99.856706
K,-99.996525
K,-99.662436
K,-99.831218
K,2836.621739
K,74.615028
K,64781.317882
K,3182.477869
K,-25.877047
K,-98.202325
K,74.615028
K,-12.692486
K,280.377598
K,-77.382295
K,8304.010474
K,325.175987
K,-90.398930
K,-99.767149
K,-77.382295
K,-88.691147
K,7708.623075
K,364.310034
K,172422.647073
K,8628.271703
K,548.162801
K,-95.219893
K,364.310034
K,132.155017
K,1646.824706
K,3.868279
K,38494.105440
K,1852.554312
K,44.996984
K,-98.930668
K,3.868279
K,-48.065861
K,216249.275310
K,12764.385750
K,4779891.211224
K,241729.480008
K,17858.294422
K,5360.848774
K,12764.385750
K,6332.192875
K,120649.219662
K,7079.892507
K,2667716.695562
K,134870.274157
K,9922.913341
K,2947.818058
K,7079.892507
K,3489.946253
K,424.337253
K,-68.822282
K,25107.308406
K,-56.476846
K,-86.765260
K,-99.679023
K,-68.822282
K,-84.411141
K,-97.229617
K,-99.835270
K,33.185059
K,-99.770042
K,-99.930073
K,-99.998304
K,-99.835270
K,-99.917635
K,3203.737444
K,96.444166
K,158725.885629
K,3592.830064
K,-16.610719
K,-97.977593
K,96.444166
K,-1.777917
K,209.273244
K,-81.610244
K,14768.190258
K,245.697427
K,-92.193667
K,-99.810676
K,-81.610244
K,-90.805122
K,8462.953932
K,409.163446
K,411560.661544
K,9471.442723
K,610.776810
K,-94.758124
K,409.163446
K,154.581723
K,1420.660884
K,-9.579692
K,73005.177328
K,1599.754392
K,26.224023
K,-99.069116
K,-9.579692
K,-54.789846
K,225141.911691
K,13293.152507
K,10828316.818563
K,251669.433026
K,18596.436864
K,5585.306852
K,13293.152507
K,6596.576253
K,115090.563421
K,6749.368182
K,5537641.288543
K,128656.955686
K,9461.511355
K,2807.512614
K,6749.368182
K,3324.684091
K,6748.973994
K,307.248156
K,329161.746335
K,151220.291933
K,72.874216
K,-95.807350
K,307.248156
K,103.624078
K,-51.448722
K,-97.113083
K,2234.083716
K,972.685282
K,-98.774522
K,-99.970279
K,-97.113083
K,-98.556542
K,15255.716251
K,813.069189
K,738120.053585
K,339167.088456
K,1174.617043
K,-90.599884
K,813.069189
K,356.534594
K,396.210729
K,-70.494719
K,23755.136734
K,10863.211776
K,-58.811517
K,-99.696241
K,-70.494719
K,-85.247359
K,294265.978060
K,17403.351873
K,14151429.276663
K,6503581.539913
K,24334.151186
K,7330.059972
K,17403.351873
K,8651.675937
K,81753.767420
K,4767.122562
K,3934987.857925
K,1808365.909174
K,6694.356268
K,1966.062134
K,4767.122562
K,2333.561281
K,37253.749387
K,2121.098456
K,1795666.893761
K,825188.615005
K,41653.030038
K,-77.133624
K,2121.098456
K,1010.549228
K,-88.274537
K,-99.302790
K,463.697029
K,159.060762
K,-86.893589
K,-99.992822
K,-99.302790
K,-99.651395
K,460976.815650
K,27316.176958
K,22165987.597712
K,10186867.917246
K,515279.431766
K,11537.990282
K,27316.176958
K,13608.088479
K,39952.458209
K,2281.566899
K,1925406.264969
K,884813.517518
K,44669.575160
K,910.959787
K,2281.566899
K,1090.783449
K,622169.824186
K,36900.905351
K,29915278.444895
K,13748244.136377
K,695456.700118
K,51552.147652
K,36900.905351
K,18400.452676
K,21445.611390
K,1181.127731
K,1035696.841666
K,475925.782553
K,23983.112788
K,1688.415664
K,1181.127731
K,540.563865
K,1922836.087576
K,205371.968842
K,10295.244925
K,671.952489
K,134.739208
K,-94.306962
K,961368.043788
K,14723.185813
K,1483.905567
K,-19.866995
K,-94.049311
K,-98.190484
K,-99.956115
K,7311.592907
K,2013482.313276
K,468067.462559
K,10785.271465
K,708.341935
K,145.804694
K,-94.038595
K,1006691.156638
K,11813.464649
K,2669.937180
K,-35.596724
K,-95.217403
K,-98.545684
K,-99.964729
K,5856.732324
K,2988271.489293
K,694710.581172
K,319217.203262
K,1099.665877
K,264.800453
K,-91.152638
K,1494085.744647
K,6.054313
K,-75.341868
K,-88.667752
K,-99.957425
K,-99.987054
K,-99.999686
K,-46.972843
K,6633272.003444
K,1542190.532940
K,708697.351309
K,35759.500012
K,709.757796
K,-80.361262
K,3316586.001722
K,12079.718112
K,2731.842377
K,1201.442454
K,-34.157379
K,-98.513181
K,-99.963941
K,5989.859056
K,11350580.768205
K,2638987.251875
K,1212757.120010
K,61260.909193
K,4456.670565
K,-66.395215
K,5675240.384103
K,8351.780056
K,1865.079052
K,803.100160
K,-54.310326
K,-96.607078
K,-99.974978
K,4125.890028
K,114821729.624493
K,26696521.373383
K,12268985.567342
K,620617.999639
K,45994.614231
K,13916.682861
K,57410814.812247
K,5640860.037902
K,1311450.031965
K,602654.908307
K,30394.597083
K,2164.533475
K,588.610765
K,2820380.018951
K,139913.528608
K,-59.735743
K,656.902391
K,-43.792312
K,-82.908083
K,-99.585476
K,69906.764304
K,-59.735743
K,-79.867871
K,158.128374
K,-99.925769
K,-98.604578
K,-99.896376
K,-99.968489
K,-99.999236
K,29.064187
K,-99.925769
K,-99.962884
K,383107.825578
K,10.200625
K,40847.001258
K,53.836748
K,-53.220545
K,-98.865476
K,191503.912789
K,10.200625
K,-44.899687
K,222.382264
K,-99.907291
K,-65.552408
K,-99.870581
K,-99.960646
K,-99.999046
K,61.191132
K,-99.907291
K,-99.953646
K,1555090.507276
K,347.232427
K,166077.158731
K,8307.240539
K,89.847281
K,-95.395708
K,777495.253638
K,347.232427
K,123.616214
K,6330.864273
K,-98.150650
K,587.158742
K,-65.235241
K,-99.214963
K,-99.980961
K,3115.432136
K,-98.150650
K,-99.075325
K,3419080.195901
K,883.267485
K,365250.513320
K,18383.825755
K,1272.611747
K,-89.877187
K,1709490.097951
K,883.267485
K,391.633743
K,84078.259945
K,-75.792517
K,8894.720582
K,355.061214
K,-66.207084
K,-99.750782
K,41989.129973
K,-75.792517
K,-87.896259
K,62966041.512923
K,18007.428116
K,6728036.806336
K,340290.129061
K,25177.423397
K,7586.486441
K,31482970.756461
K,18007.428116
K,8953.714058
K,16140515.364479
K,4541.622076
K,1724577.194781
K,87154.928046
K,6379.564392
K,1870.338632
K,8070207.682239
K,4541.622076
K,2220.811038
K,416901.289191
K,19.918748
K,96854.782607
K,67.402955
K,-49.095265
K,-98.765427
K,208400.644596
K,19.918748
K,-40.040626
K,523.373181
K,-99.820734
K,44.937229
K,-99.749750
K,-99.923903
K,-99.998154
K,211.686591
K,-99.820734
K,-99.910367
K,1633823.928211
K,369.874116
K,379795.082729
K,8732.867370
K,99.458531
K,-95.162611
K,816861.964105
K,369.874116
K,134.937058
K,4622.605829
K,-98.641901
K,998.028312
K,-74.469955
K,-99.423496
K,-99.986018
K,2261.302915
K,-98.641901
K,-99.320951
K,3553260.702335
K,921.854316
K,826073.259767
K,19109.195276
K,1326.477799
K,-89.479933
K,1776580.351168
K,921.854316
K,410.927158
K,74925.348262
K,-78.424657
K,17343.750221
K,305.581275
K,-69.881472
K,-99.777880
K,37412.674131
K,-78.424657
K,-89.212329
K,64063912.270173
K,18323.147252
K,14895087.481595
K,346225.134125
K,25618.157787
K,7720.507178
K,32031906.135086
K,18323.147252
K,9111.573626
K,15747825.359236
K,4428.694622
K,3661367.528490
K,85032.076012
K,6221.921073
K,1822.401657
K,7873862.679618
K,4428.694622
K,2164.347311
K,2486564.055014
K,615.100045
K,578061.217049
K,265608.133793
K,203.555357
K,-92.637991
K,1243232.027507
K,615.100045
K,257.550022
K,265.261394
K,-99.894960
K,-15.074989
K,-60.970633
K,-99.955411
K,-99.998919
K,82.630697
K,-99.894960
K,-99.947480
K,4970561.433228
K,1329.433223
K,1155602.419062
K,531031.324505
K,1895.445657
K,-85.283877
K,2485230.716614
K,1329.433223
K,614.716611
K,19577.959827
K,-94.341129
K,4475.219230
K,2002.653944
K,-92.100387
K,-99.941742
K,9738.979914
K,-94.341129
K,-97.170565
K,74948843.882352
K,21453.371083
K,17425885.840024
K,8008438.173288
K,29987.855825
K,9049.267004
K,37474371.941176
K,21453.371083
K,10676.685542
K,12431815.525962
K,3475.096255
K,2890379.474399
K,1328290.566958
K,4890.726521
K,1417.605301
K,6215857.762981
K,3475.096255
K,1687.548128
K,10016755.116498
K,2780.587560
K,2328866.445420
K,1070233.515342
K,54050.350077
K,-70.344134
K,5008327.558249
K,2780.587560
K,1340.293780
K,4658.621496
K,-98.631544
K,1006.402125
K,408.474168
K,-74.275257
K,-99.985912
K,2279.310748
K,-98.631544
K,-99.315772
K,107279354.601657
K,30750.786881
K,24942883.316063
K,11463058.289935
K,579844.499060
K,12995.960041
K,53639627.300829
K,30750.786881
K,15325.393440
K,6511588.480478
K,1772.592607
K,1513898.535237
K,695695.071513
K,35101.688225
K,694.903483
K,3255744.240239
K,1772.592607
K,836.296303
K,140447905.483225
K,40289.201279
K,32654729.114765
K,15007225.720828
K,759151.139805
K,56282.106551
K,70223902.741612
K,40289.201279
K,20094.600639
K,3497834.036390
K,905.915046
K,813186.296377
K,373665.617059
K,18809.562973
K,1304.227058
K,1748867.018195
K,905.915046
K,402.957523
K,985178.113839
K,4665.131774
K,5226.337874
K,295.534671
K,20.276178
K,-97.082989
K,492539.056920
K,83671.702787
K,305.147742
K,352.863397
K,-66.370294
K,-89.773709
K,-99.751986
K,41785.851394
K,1859580.129634
K,8894.029961
K,198612.864209
K,646.558720
K,127.017342
K,-94.494238
K,929740.064817
K,16586.674440
K,-19.297707
K,1683.025381
K,-93.301223
K,-97.963002
K,-99.950597
K,8243.337220
K,4996909.108506
K,24067.193551
K,533846.659216
K,26913.447775
K,510.001532
K,-85.205872
K,2498404.554253
K,166.951761
K,-98.708933
K,-71.475337
K,-98.556879
K,-99.967412
K,-99.999210
K,33.475881
K,9111093.127895
K,43964.752140
K,973460.589239
K,49154.410866
K,3557.640135
K,-73.025434
K,4555496.563948
K,57.681492
K,-99.237400
K,-83.151220
K,-99.147586
K,-99.936700
K,-99.999533
K,-21.159254
K,103953864.206228
K,502655.852322
K,11107718.836206
K,561867.153177
K,41631.767326
K,12590.006362
K,51976882.103114
K,7015366.205259
K,33829.121591
K,749525.358249
K,37825.071946
K,2716.321682
K,756.401307
K,3507633.102630
K,1949561.384930
K,9329.209158
K,453205.542770
K,682.681218
K,138.001654
K,-94.227839
K,974730.692465
K,13421.308658
K,-34.606466
K,3043.768558
K,-94.571942
K,-98.349409
K,-99.959969
K,6660.654329
K,5126278.303511
K,24692.865890
K,1191807.331847
K,27612.807716
K,525.794060
K,-84.822862
K,2563089.151755
K,544.354230
K,-96.883689
K,49.815422
K,-96.516670
K,-99.921342
K,-99.998092
K,222.177115
K,9288991.210248
K,44825.126275
K,2159657.876650
K,50116.114247
K,3629.056376
K,-72.498749
K,4644445.605124
K,-91.371127
K,-99.958268
K,-97.993746
K,-99.953353
K,-99.996536
K,-99.999974
K,-95.685564
K,104835333.029739
K,506918.927935
K,24374636.679101
K,566632.305994
K,41985.628308
K,12697.610194
K,52417616.514869
K,6891799.568739
K,33231.512350
K,1602299.421188
K,37157.080191
K,2666.716512
K,741.317116
K,3445849.784369
K,6528241.482710
K,31473.224854
K,1517770.437442
K,697474.498910
K,696.936371
K,-80.672215
K,3264070.741355
K,11022.393987
K,-46.208413
K,2486.009490
K,1088.463936
K,-98.642252
K,-99.967071
K,5461.196993
K,11207578.431540
K,54104.050470
K,2605738.528614
K,1197476.855703
K,4399.263036
K,-66.818587
K,5603739.215770
K,7333.186626
K,-64.050644
K,1628.251236
K,694.260142
K,-97.015987
K,-99.977993
K,3616.593313
K,114142099.517861
K,551929.537716
K,26538504.141904
K,12196364.882237
K,45721.780331
K,13833.718152
K,57070999.758931
K,5718013.296108
K,27554.692592
K,1329388.531367
K,610898.984628
K,2195.506241
K,598.029120
K,2858956.648054
K,18116927.791021
K,87519.955796
K,4212195.109124
K,1935763.284193
K,97839.261956
K,-46.362791
K,9058413.895511
K,72076.264570
K,249.068356
K,16681.324716
K,7612.268380
K,290.179348
K,-99.786315
K,35988.132285
K,145137217.567228
K,701832.209651
K,33745016.472297
K,15508293.953226
K,784501.201078
K,17617.395361
K,72568558.783614
K,3075997.013050
K,14777.025493
K,715107.182587
K,328590.960508
K,16529.144396
K,275.509399
K,1537948.506525
K,179019338.408710
K,865697.384704
K,41622770.679754
K,19128708.652823
K,967665.346268
K,71766.403629
K,89509619.204355
K,1521010.273869
K,7256.593835
K,353565.371658
K,162435.575060
K,8123.005412
K,510.641648
K,760455.136934
K,130854.524016
K,533.339516
K,-62.340878
K,-47.429001
K,-84.013945
K,-99.612296
K,-64.464104
K,65377.262008
K,-70.985062
K,-62.340878
K,-81.716643
K,-81.170439
K,-28.928207
K,-82.232052
K,-76.309402
K,63.875487
K,-99.207444
K,-99.952874
K,-99.934213
K,-99.979995
K,-99.999515
K,-99.955531
K,-18.062257
K,-99.963691
K,-99.952874
K,-99.977120
K,-99.976437
K,-99.911061
K,-99.977765
K,-99.970354
K,764631.447701
K,3598.494942
K,119.916917
K,4034.079522
K,-6.646687
K,-97.735939
K,107.517974
K,382265.723850
K,69.437716
K,119.916917
K,6.768806
K,9.958459
K,315.035948
K,3.758987
K,38.345316
K,51143.901713
K,147.832506
K,-85.263584
K,177.020600
K,-93.744486
K,-99.848287
K,-86.094425
K,25521.950856
K,-88.646145
K,-85.263584
K,-92.845527
K,-92.631792
K,-72.188850
K,-93.047212
K,-90.729617
K,1933209.896716
K,9250.127937
K,455.969750
K,10351.324941
K,676.116999
K,-94.276250
K,424.624107
K,966554.948358
K,328.353790
K,455.969750
K,169.921147
K,177.984875
K,949.248215
K,162.312054
K,249.749405
K,272798.891670
K,1219.829560
K,-21.521361
K,1375.270466
K,9.553812
K,-99.192057
K,-25.945997
K,136349.445835
K,-39.535160
K,-21.521361
K,-61.898927
K,-60.760681
K,48.108007
K,-62.972998
K,-50.630664
K,48395131.901792
K,233955.394125
K,13817.212676
K,261520.909860
K,19328.009050
K,5807.767014
K,13032.558513
K,24197515.950896
K,10622.689124
K,13817.212676
K,6656.752526
K,6858.606338
K,26165.117025
K,6466.279256
K,8655.039008
K,22748850.953373
K,109921.472614
K,6442.007882
K,122879.083123
K,9032.445649
K,2677.040150
K,6073.168673
K,11374375.476686
K,4940.371115
K,6442.007882
K,3076.119336
K,3171.003941
K,12246.337346
K,2986.584336
K,4015.445782
K,1501119.694780
K,7160.396397
K,331.711823
K,160310.202057
K,83.258884
K,-95.555494
K,307.371857
K,750509.847390
K,232.617728
K,331.711823
K,109.594408
K,115.855911
K,714.743714
K,103.685928
K,171.581238
K,7373.658768
K,-63.854907
K,-97.850770
K,698.584722
K,-99.087666
K,-99.977874
K,-97.971944
K,3636.829384
K,-98.344099
K,-97.850770
K,-98.956557
K,-98.925385
K,-95.943887
K,-98.985972
K,-98.647962
K,3321754.519895
K,15965.590314
K,855.279147
K,354850.948614
K,1233.540870
K,-90.165329
K,801.420391
K,1660827.259947
K,636.006667
K,855.279147
K,363.784303
K,377.639573
K,1702.840782
K,350.710195
K,500.946927
K,90542.832714
K,338.378805
K,-73.933474
K,9585.481187
K,-63.611916
K,-99.731643
K,-75.403108
K,45221.416357
K,-79.916722
K,-73.933474
K,-87.344803
K,-86.966737
K,-50.806216
K,-87.701554
K,-83.602072
K,62100661.297923
K,300239.880394
K,17758.567226
K,6635568.118624
K,24830.021102
K,7480.846598
K,16751.699008
K,31050280.648962
K,13659.354623
K,17758.567226
K,8570.264802
K,8829.283613
K,33603.398016
K,8325.849504
K,11134.466005
K,16456578.557911
K,79489.956169
K,4632.513647
K,1758349.573932
K,6506.446284
K,1908.921518
K,4365.693945
K,8228239.278955
K,3546.223838
K,4632.513647
K,2197.616935
K,2266.256824
K,8831.387891
K,2132.846973
K,2877.129297
K,7906058.327331
K,38136.804135
K,2173.605944
K,844698.705474
K,42640.085207
K,-76.593056
K,2045.419761
K,3952979.163666
K,1651.727899
K,2173.605944
K,1003.826826
K,1036.802972
K,4190.839521
K,972.709880
K,1330.279840
K,1348.448461
K,-92.994823
K,-99.583464
K,54.771424
K,-92.169799
K,-99.995712
K,-99.606948
K,624.224230
K,-99.679075
K,-99.583464
K,-99.797773
K,-99.791732
K,-99.213896
K,-99.803474
K,-99.737965
K,96312560.163137
K,465699.971357
K,27597.021425
K,10291220.671551
K,520558.849906
K,11657.206947
K,26035.459949
K,48156230.081568
K,21239.513690
K,27597.021425
K,13346.795981
K,13748.510713
K,52170.919899
K,12967.729975
K,17323.639966
K,8118798.444762
K,39165.685909
K,2234.784480
K,867430.678244
K,43790.141956
K,891.100952
K,2103.149044
K,4059349.222381
K,1698.863661
K,2234.784480
K,1033.528768
K,1067.392240
K,4306.298087
K,1001.574522
K,1368.766029
K,129617530.531842
K,626773.855284
K,37174.666527
K,13849964.967891
K,700602.963930
K,51934.309995
K,35073.116242
K,64808715.265921
K,28618.729152
K,37174.666527
K,17996.705358
K,18537.333264
K,70246.232484
K,17486.558121
K,23348.744161
K,4369118.435952
K,21030.989621
K,1156.473826
K,466765.186075
K,23519.659575
K,1653.999557
K,1085.633677
K,2184509.217976
K,868.065844
K,1156.473826
K,510.013147
K,528.236913
K,2271.267355
K,492.816839
K,690.422452
K,1579113.074356
K,7537.598251
K,354.140694
K,367074.549054
K,92.779795
K,-95.324587
K,328.536186
K,789506.537178
K,249.898331
K,354.140694
K,120.483538
K,127.070347
K,757.072372
K,114.268093
K,185.690791
K,5484.826659
K,-72.989926
K,-98.393949
K,1198.498755
K,-99.318242
K,-99.983466
K,-98.484498
K,2692.413330
K,-98.762598
K,-98.393949
K,-99.220268
K,-99.196974
K,-96.968996
K,-99.242249
K,-98.989665
K,3455611.449714
K,16612.966827
K,893.772926
K,803369.344204
K,1287.277025
K,-89.769033
K,837.743886
K,1727755.724857
K,665.664677
K,893.772926
K,382.472883
K,396.886463
K,1775.487772
K,368.871943
K,525.162591
K,80792.882624
K,291.224812
K,-76.737306
K,18707.979861
K,-67.525982
K,-99.760509
K,-78.048860
K,40346.441312
K,-82.076969
K,-76.737306
K,-88.706053
K,-88.368653
K,-56.097720
K,-89.024430
K,-85.365907
K,63212097.201304
K,305615.153085
K,18078.187346
K,14697036.427644
K,25276.201148
K,7616.523278
K,17053.298907
K,31605998.600652
K,13905.609909
K,18078.187346
K,8725.439125
K,8989.093673
K,34206.597813
K,8476.649453
K,11335.532604
K,16049402.791515
K,77520.719103
K,4515.420464
K,3731485.715516
K,6342.987733
K,1859.216217
K,4255.202491
K,8024651.395758
K,3456.007943
K,4515.420464
K,2140.768651
K,2207.710232
K,8610.404981
K,2077.601245
K,2803.468327
K,8073754.806947
K,38947.839936
K,2221.831099
K,1877109.634349
K,43546.639507
K,-76.096574
K,2090.925976
K,4036827.403473
K,1688.883568
K,2221.831099
K,1027.239951
K,1060.915549
K,4281.851951
K,995.462988
K,1360.617317
K,689.656533
K,-96.180959
K,-99.772915
K,83.598899
K,-95.731177
K,-99.997662
K,-99.785718
K,294.828267
K,-99.825040
K,-99.772915
K,-99.889751
K,-99.886458
K,-99.571437
K,-99.892859
K,-99.857146
K,97205429.222802
K,470018.182293
K,27853.787394
K,22600647.763272
K,525385.631525
K,11766.202445
K,26277.749421
K,48602664.611401
K,21437.342215
K,27853.787394
K,13471.454858
K,13876.893697
K,52655.498842
K,13088.874711
K,17485.166281
K,7973120.230042
K,38461.137741
K,2192.891206
K,1853711.616695
K,43002.616707
K,873.317528
K,2063.617718
K,3986510.115021
K,1666.586469
K,2192.891206
K,1013.189746
K,1046.445603
K,4227.235436
K,981.808859
K,1342.411812
K,130489894.273269
K,630992.895699
K,37425.535699
K,30339444.157423
K,705318.895372
K,52284.515790
K,35309.841378
K,65244897.136635
K,28812.014417
K,37425.535699
K,18118.501364
K,18662.767849
K,70719.682757
K,17604.920689
K,23506.560919
K,4291947.971730
K,20657.767659
K,1134.281604
K,997821.562410
K,23102.481968
K,1623.019884
K,1064.692655
K,2145923.985865
K,850.967571
K,1134.281604
K,499.238909
K,517.140802
K,2229.385310
K,482.346327
K,676.461770
K,9881964.445731
K,47692.941530
K,2741.825262
K,2297526.973528
K,1055830.694217
K,-70.743195
K,2581.602804
K,4940932.222865
K,2089.519521
K,2741.825262
K,1279.695091
K,1320.912631
K,5263.205608
K,1240.801402
K,1687.735203
K,3892.813482
K,-80.689430
K,-98.851770
K,828.348121
K,326.645094
K,-99.988179
K,-98.916508
K,1896.406741
K,-99.115332
K,-98.851770
K,-99.442539
K,-99.425885
K,-97.833016
K,-99.458254
K,-99.277672
K,106595847.086884
K,515433.357876
K,30554.227859
K,24783964.568753
K,11390023.291171
K,12912.522004
K,28825.938720
K,53297873.543442
K,23517.930065
K,30554.227859
K,14782.508181
K,15227.113929
K,57751.877440
K,14362.969360
K,19183.959147
K,6601083.598139
K,31825.513486
K,1798.329080
K,1534706.575649
K,705257.915617
K,705.828450
K,1691.301053
K,3300491.799070
K,1362.591185
K,1798.329080
K,821.631371
K,849.164540
K,3482.602106
K,795.650526
K,1094.200702
K,139766343.224585
K,675856.879816
K,40093.201662
K,32496262.648756
K,14934398.579003
K,56008.496999
K,37827.104007
K,69883121.612293
K,30867.350746
K,40093.201662
K,19413.642794
K,19996.600831
K,75754.208013
K,18863.552003
K,25184.736004
K,3547450.812682
K,17057.132449
K,920.183543
K,824722.432796
K,378967.330817
K,1324.145450
K,862.665469
K,1773675.406341
K,686.013064
K,920.183543
K,395.295135
K,410.091771
K,1825.330938
K,381.332735
K,541.776979
K,171228007.173516
K,828015.922474
K,49140.759678
K,39811249.119256
K,18296179.595233
K,925546.007509
K,46364.559588
K,85613953.586758
K,37838.154038
K,49140.759678
K,23806.196957
K,24520.379839
K,92829.119176
K,23132.279794
K,30876.373059
K,1813088.797047
K,8669.182455
K,421.426040
K,421475.017151
K,193645.114265
K,9701.959495
K,392.027975
K,906494.398524
K,301.739160
K,421.426040
K,153.150311
K,160.713020
K,884.055951
K,146.013988
K,228.018650
