mu_MeV,product_residual_vs_Gsq
941.550,3.006967
942.256,3.000962
942.962,2.994970
943.669,2.988992
944.375,2.983027
945.081,2.977076
945.788,2.971137
946.494,2.965213
947.200,2.959301
947.907,2.953402
948.613,2.947517
949.319,2.941645
950.026,2.935786
950.732,2.929940
951.438,2.924107
952.145,2.918287
952.851,2.912480
953.557,2.906686
954.264,2.900905
954.970,2.895136
955.676,2.889381
956.383,2.883638
957.089,2.877908
957.795,2.872190
958.502,2.866485
959.208,2.860793
959.914,2.855113
960.621,2.849446
961.327,2.843791
962.034,2.838149
962.740,2.832519
963.446,2.826902
964.153,2.821297
964.859,2.815704
965.565,2.810123
966.272,2.804555
966.978,2.798999
967.684,2.793455
968.391,2.787923
969.097,2.782403
969.803,2.776896
970.510,2.771400
971.216,2.765916
971.922,2.760445
972.629,2.754985
973.335,2.749537
974.041,2.744101
974.748,2.738677
975.454,2.733264
976.160,2.727863
976.867,2.722474
977.573,2.717097
978.279,2.711731
978.986,2.706377
979.692,2.701035
980.398,2.695704
981.105,2.690384
981.811,2.685076
982.517,2.679780
983.224,2.674494
983.930,2.669221
984.636,2.663958
985.343,2.658707
986.049,2.653467
986.755,2.648239
987.462,2.643021
988.168,2.637815
988.874,2.632620
989.581,2.627436
990.287,2.622263
990.993,2.617102
991.700,2.611951
992.406,2.606811
993.112,2.601682
993.819,2.596565
994.525,2.591458
995.231,2.586362
995.938,2.581276
996.644,2.576202
997.350,2.571138
998.057,2.566085
998.763,2.561043
999.469,2.556012
1000.176,2.550991
1000.882,2.545981
1001.588,2.540981
1002.295,2.535992
1003.001,2.531013
1003.708,2.526045
1004.414,2.521088
1005.120,2.516141
1005.827,2.511204
1006.533,2.506278
1007.239,2.501362
1007.946,2.496456
1008.652,2.491561
1009.358,2.486676
1010.065,2.481801
1010.771,2.476937
1011.477,2.472082
1012.184,2.467238
1012.890,2.462404
1013.596,2.457580
1014.303,2.452766
1015.009,2.447962
1015.715,2.443169
1016.422,2.438385
1017.128,2.433611
1017.834,2.428847
1018.541,2.424093
1019.247,2.419349
1019.953,2.414614
1020.660,2.409890
1021.366,2.405175
1022.072,2.400470
1022.779,2.395775
1023.485,2.391090
1024.191,2.386414
1024.898,2.381748
1025.604,2.377092
1026.310,2.372445
1027.017,2.367807
1027.723,2.363180
1028.429,2.358562
1029.136,2.353953
1029.842,2.349354
1030.548,2.344764
1031.255,2.340184
1031.961,2.335613
1032.667,2.331051
1033.374,2.326499
1034.080,2.321956
1034.786,2.317423
1035.493,2.312898
1036.199,2.308383
1036.905,2.303878
1037.612,2.299381
1038.318,2.294894
1039.024,2.290415
1039.731,2.285946
1040.437,2.281486
1041.143,2.277035
1041.850,2.272593
1042.556,2.268160
1043.262,2.263736
1043.969,2.259321
1044.675,2.254915
1045.381,2.250518
1046.088,2.246130
1046.794,2.241751
1047.501,2.237381
1048.207,2.233019
1048.913,2.228666
1049.620,2.224322
1050.326,2.219987
1051.032,2.215661
1051.739,2.211343
1052.445,2.207034
1053.151,2.202733
1053.858,2.198442
1054.564,2.194158
1055.270,2.189884
1055.977,2.185618
1056.683,2.181360
1057.389,2.177112
1058.096,2.172871
1058.802,2.168639
1059.508,2.164416
1060.215,2.160201
1060.921,2.155994
1061.627,2.151796
1062.334,2.147606
1063.040,2.143425
1063.746,2.139252
1064.453,2.135087
1065.159,2.130930
1065.865,2.126782
1066.572,2.122642
1067.278,2.118510
1067.984,2.114386
1068.691,2.110271
1069.397,2.106164
1070.103,2.102064
1070.810,2.097973
1071.516,2.093890
1072.222,2.089815
1072.929,2.085748
1073.635,2.081690
1074.341,2.077639
1075.048,2.073596
1075.754,2.069561
1076.460,2.065534
1077.167,2.061515
1077.873,2.057504
1078.579,2.053500
1079.286,2.049505
1079.992,2.045517
1080.698,2.041538
1081.405,2.037566
1082.111,2.033602
1082.817,2.029645
1083.524,2.025696
1084.230,2.021755
1084.936,2.017822
1085.643,2.013896
1086.349,2.009978
1087.055,2.006068
1087.762,2.002165
1088.468,1.998270
1089.175,1.994383
1089.881,1.990503
1090.587,1.986630
1091.294,1.982765
1092.000,1.978908
1092.706,1.975058
1093.413,1.971215
1094.119,1.967380
1094.825,1.963553
1095.532,1.959733
1096.238,1.955920
1096.944,1.952114
1097.651,1.948316
1098.357,1.944525
1099.063,1.940742
1099.770,1.936965
1100.476,1.933196
1101.182,1.929435
1101.889,1.925680
1102.595,1.921933
1103.301,1.918193
1104.008,1.914460
1104.714,1.910734
1105.420,1.907016
1106.127,1.903304
1106.833,1.899600
1107.539,1.895903
1108.246,1.892212
1108.952,1.888529
1109.658,1.884853
1110.365,1.881184
1111.071,1.877522
1111.777,1.873867
1112.484,1.870218
1113.190,1.866577
1113.896,1.862943
1114.603,1.859315
1115.309,1.855695
1116.015,1.852081
1116.722,1.848474
1117.428,1.844874
1118.134,1.841281
1118.841,1.837695
1119.547,1.834115
1120.253,1.830543
1120.960,1.826977
1121.666,1.823417
1122.372,1.819865
1123.079,1.816319
1123.785,1.812780
1124.491,1.809247
1125.198,1.805721
1125.904,1.802202
1126.610,1.798689
1127.317,1.795183
1128.023,1.791684
1128.729,1.788191
1129.436,1.784705
1130.142,1.781225
1130.848,1.777752
1131.555,1.774285
1132.261,1.770824
1132.968,1.767371
1133.674,1.763923
1134.380,1.760482
1135.087,1.757048
1135.793,1.753620
1136.499,1.750198
1137.206,1.746783
1137.912,1.743374
1138.618,1.739971
1139.325,1.736575
1140.031,1.733185
1140.737,1.729801
1141.444,1.726424
1142.150,1.723053
1142.856,1.719688
1143.563,1.716329
1144.269,1.712977
1144.975,1.709630
1145.682,1.706290
1146.388,1.702956
1147.094,1.699629
1147.801,1.696307
1148.507,1.692991
1149.213,1.689682
1149.920,1.686379
1150.626,1.683082
1151.332,1.679791
1152.039,1.676506
1152.745,1.673226
1153.451,1.669953
1154.158,1.666686
1154.864,1.663425
1155.570,1.660170
1156.277,1.656921
1156.983,1.653678
1157.689,1.650441
1158.396,1.647210
1159.102,1.643984
1159.808,1.640765
1160.515,1.637551
1161.221,1.634344
1161.927,1.631142
1162.634,1.627946
1163.340,1.624756
1164.046,1.621571
1164.753,1.618393
1165.459,1.615220
1166.165,1.612053
1166.872,1.608891
1167.578,1.605736
1168.284,1.602586
1168.991,1.599442
1169.697,1.596303
1170.403,1.593170
1171.110,1.590043
1171.816,1.586922
1172.522,1.583806
1173.229,1.580696
1173.935,1.577591
1174.642,1.574492
1175.348,1.571399
1176.054,1.568311
1176.761,1.565229
1177.467,1.562152
1178.173,1.559081
1178.880,1.556015
1179.586,1.552955
1180.292,1.549900
1180.999,1.546851
1181.705,1.543807
1182.411,1.540769
1183.118,1.537736
1183.824,1.534709
1184.530,1.531687
1185.237,1.528670
1185.943,1.525659
1186.649,1.522653
1187.356,1.519652
1188.062,1.516657
1188.768,1.513668
1189.475,1.510683
1190.181,1.507704
1190.887,1.504730
1191.594,1.501761
1192.300,1.498798
1193.006,1.495840
1193.713,1.492887
1194.419,1.489940
1195.125,1.486997
1195.832,1.484060
1196.538,1.481128
1197.244,1.478202
1197.951,1.475280
1198.657,1.472364
1199.363,1.469453
1200.070,1.466546
1200.776,1.463646
1201.482,1.460750
1202.189,1.457859
1202.895,1.454973
1203.601,1.452093
1204.308,1.449217
1205.014,1.446347
1205.720,1.443481
1206.427,1.440621
1207.133,1.437766
1207.839,1.434915
1208.546,1.432070
1209.252,1.429229
1209.958,1.426394
1210.665,1.423564
1211.371,1.420738
1212.077,1.417918
1212.784,1.415102
1213.490,1.412291
1214.196,1.409485
1214.903,1.406685
1215.609,1.403889
1216.315,1.401097
1217.022,1.398311
1217.728,1.395530
1218.435,1.392753
1219.141,1.389981
1219.847,1.387214
1220.554,1.384452
1221.260,1.381695
1221.966,1.378942
1222.673,1.376194
1223.379,1.373451
1224.085,1.370713
1224.792,1.367979
1225.498,1.365250
1226.204,1.362526
1226.911,1.359807
1227.617,1.357092
1228.323,1.354382
1229.030,1.351676
1229.736,1.348976
1230.442,1.346280
1231.149,1.343588
1231.855,1.340901
1232.561,1.338219
1233.268,1.335541
1233.974,1.332868
1234.680,1.330200
1235.387,1.327536
1236.093,1.324877
1236.799,1.322222
1237.506,1.319572
1238.212,1.316926
1238.918,1.314285
1239.625,1.311649
1240.331,1.309017
1241.037,1.306389
1241.744,1.303766
1242.450,1.301147
1243.156,1.298533
1243.863,1.295923
1244.569,1.293318
1245.275,1.290717
1245.982,1.288121
1246.688,1.285529
1247.394,1.282941
1248.101,1.280358
1248.807,1.277779
1249.513,1.275204
1250.220,1.272634
1250.926,1.270068
1251.632,1.267507
1252.339,1.264950
1253.045,1.262397
1253.751,1.259849
1254.458,1.257304
1255.164,1.254765
1255.870,1.252229
1256.577,1.249698
1257.283,1.247171
1257.989,1.244648
1258.696,1.242129
1259.402,1.239615
1260.109,1.237105
1260.815,1.234599
1261.521,1.232097
1262.228,1.229600
1262.934,1.227107
1263.640,1.224618
1264.347,1.222133
1265.053,1.219652
1265.759,1.217175
1266.466,1.214703
1267.172,1.212235
1267.878,1.209770
1268.585,1.207310
1269.291,1.204854
1269.997,1.202402
1270.704,1.199955
1271.410,1.197511
1272.116,1.195071
1272.823,1.192636
1273.529,1.190204
1274.235,1.187777
1274.942,1.185353
1275.648,1.182934
1276.354,1.180518
1277.061,1.178107
1277.767,1.175700
1278.473,1.173296
1279.180,1.170897
1279.886,1.168501
1280.592,1.166110
1281.299,1.163722
1282.005,1.161339
1282.711,1.158959
1283.418,1.156583
1284.124,1.154211
1284.830,1.151843
1285.537,1.149479
1286.243,1.147119
1286.949,1.144763
1287.656,1.142411
1288.362,1.140062
1289.068,1.137718
1289.775,1.135377
1290.481,1.133040
1291.187,1.130707
1291.894,1.128377
1292.600,1.126052
1293.306,1.123730
1294.013,1.121413
1294.719,1.119098
1295.425,1.116788
1296.132,1.114482
1296.838,1.112179
1297.544,1.109880
1298.251,1.107585
1298.957,1.105293
1299.663,1.103006
1300.370,1.100722
1301.076,1.098441
1301.783,1.096165
1302.489,1.093892
1303.195,1.091623
1303.902,1.089357
1304.608,1.087095
1305.314,1.084837
1306.021,1.082583
1306.727,1.080332
1307.433,1.078085
1308.140,1.075841
1308.846,1.073601
1309.552,1.071365
1310.259,1.069132
1310.965,1.066903
1311.671,1.064678
1312.378,1.062456
1313.084,1.060237
1313.790,1.058023
1314.497,1.055812
1315.203,1.053604
1315.909,1.051400
1316.616,1.049200
1317.322,1.047003
1318.028,1.044809
1318.735,1.042619
1319.441,1.040433
1320.147,1.038250
1320.854,1.036071
1321.560,1.033895
1322.266,1.031722
1322.973,1.029554
1323.679,1.027388
1324.385,1.025226
1325.092,1.023068
1325.798,1.020913
1326.504,1.018761
1327.211,1.016613
1327.917,1.014468
1328.623,1.012327
1329.330,1.010189
1330.036,1.008054
1330.742,1.005923
1331.449,1.003795
1332.155,1.001671
1332.861,0.999550
1333.568,0.997432
1334.274,0.995318
1334.980,0.993207
1335.687,0.991100
1336.393,0.988995
1337.099,0.986895
1337.806,0.984797
1338.512,0.982703
1339.218,0.980612
1339.925,0.978524
1340.631,0.976440
1341.337,0.974359
1342.044,0.972281
1342.750,0.970207
1343.456,0.968136
1344.163,0.966068
1344.869,0.964003
1345.576,0.961942
1346.282,0.959884
1346.988,0.957829
1347.695,0.955777
1348.401,0.953728
1349.107,0.951683
1349.814,0.949641
1350.520,0.947602
1351.226,0.945567
1351.933,0.943534
1352.639,0.941505
1353.345,0.939479
1354.052,0.937456
1354.758,0.935436
1355.464,0.933420
1356.171,0.931406
1356.877,0.929396
1357.583,0.927389
1358.290,0.925385
1358.996,0.923384
1359.702,0.921386
1360.409,0.919391
1361.115,0.917400
1361.821,0.915411
1362.528,0.913426
1363.234,0.911443
1363.940,0.909464
1364.647,0.907488
1365.353,0.905515
1366.059,0.903545
1366.766,0.901578
1367.472,0.899614
1368.178,0.897653
1368.885,0.895695
1369.591,0.893740
1370.297,0.891789
1371.004,0.889840
1371.710,0.887894
1372.416,0.885951
1373.123,0.884011
1373.829,0.882075
1374.535,0.880141
1375.242,0.878210
1375.948,0.876282
1376.654,0.874357
1377.361,0.872435
1378.067,0.870516
1378.773,0.868600
1379.480,0.866687
1380.186,0.864777
1380.892,0.862870
1381.599,0.860966
1382.305,0.859064
1383.011,0.857166
1383.718,0.855270
1384.424,0.853378
1385.130,0.851488
1385.837,0.849601
1386.543,0.847717
1387.250,0.845836
1387.956,0.843958
1388.662,0.842082
1389.369,0.840210
1390.075,0.838340
1390.781,0.836473
1391.488,0.834609
1392.194,0.832748
1392.900,0.830890
1393.607,0.829034
1394.313,0.827182
1395.019,0.825332
1395.726,0.823485
1396.432,0.821641
1397.138,0.819799
1397.845,0.817961
1398.551,0.816125
1399.257,0.814292
1399.964,0.812461
1400.670,0.810634
1401.376,0.808809
1402.083,0.806987
1402.789,0.805168
1403.495,0.803351
1404.202,0.801537
1404.908,0.799726
1405.614,0.797918
1406.321,0.796113
1407.027,0.794310
1407.733,0.792509
1408.440,0.790712
1409.146,0.788917
1409.852,0.787125
1410.559,0.785336
1411.265,0.783549
1411.971,0.781765
1412.678,0.779984
1413.384,0.778205
1414.090,0.776429
1414.797,0.774656
1415.503,0.772885
1416.209,0.771117
1416.916,0.769352
1417.622,0.767589
1418.328,0.765829
1419.035,0.764072
1419.741,0.762317
1420.447,0.760564
1421.154,0.758815
1421.860,0.757068
1422.566,0.755323
1423.273,0.753582
1423.979,0.751842
1424.685,0.750106
1425.392,0.748372
1426.098,0.746640
1426.804,0.744911
1427.511,0.743185
1428.217,0.741461
1428.923,0.739740
1429.630,0.738021
1430.336,0.736305
1431.043,0.734591
1431.749,0.732880
1432.455,0.731172
1433.162,0.729466
1433.868,0.727762
1434.574,0.726061
1435.281,0.724363
1435.987,0.722667
1436.693,0.720973
1437.400,0.719282
1438.106,0.717594
1438.812,0.715908
1439.519,0.714225
1440.225,0.712544
1440.931,0.710865
1441.638,0.709189
1442.344,0.707515
1443.050,0.705844
1443.757,0.704175
1444.463,0.702509
1445.169,0.700845
1445.876,0.699184
1446.582,0.697525
1447.288,0.695868
1447.995,0.694214
1448.701,0.692563
1449.407,0.690913
1450.114,0.689266
1450.820,0.687622
1451.526,0.685980
1452.233,0.684340
1452.939,0.682703
1453.645,0.681068
1454.352,0.679436
1455.058,0.677806
1455.764,0.676178
1456.471,0.674552
1457.177,0.672929
1457.883,0.671309
1458.590,0.669690
1459.296,0.668074
1460.002,0.666461
1460.709,0.664850
1461.415,0.663241
1462.121,0.661634
1462.828,0.660030
1463.534,0.658428
1464.240,0.656828
1464.947,0.655231
1465.653,0.653636
1466.359,0.652043
1467.066,0.650453
1467.772,0.648865
1468.478,0.647279
1469.185,0.645695
1469.891,0.644114
1470.597,0.642535
1471.304,0.640958
1472.010,0.639384
1472.717,0.637812
1473.423,0.636242
1474.129,0.634674
1474.836,0.633109
1475.542,0.631545
1476.248,0.629985
1476.955,0.628426
1477.661,0.626869
1478.367,0.625315
1479.074,0.623763
1479.780,0.622213
1480.486,0.620666
1481.193,0.619121
1481.899,0.617577
1482.605,0.616037
1483.312,0.614498
1484.018,0.612961
1484.724,0.611427
1485.431,0.609895
1486.137,0.608365
1486.843,0.606837
1487.550,0.605312
1488.256,0.603788
1488.962,0.602267
1489.669,0.600748
1490.375,0.599231
1491.081,0.597716
1491.788,0.596203
1492.494,0.594693
1493.200,0.593185
1493.907,0.591678
1494.613,0.590174
1495.319,0.588672
1496.026,0.587173
1496.732,0.585675
1497.438,0.584179
1498.145,0.582686
1498.851,0.581195
1499.557,0.579705
1500.264,0.578218
1500.970,0.576733
1501.676,0.575250
1502.383,0.573769
1503.089,0.572291
1503.795,0.570814
1504.502,0.569339
1505.208,0.567867
1505.914,0.566396
1506.621,0.564928
1507.327,0.563462
1508.033,0.561997
1508.740,0.560535
1509.446,0.559075
1510.152,0.557617
1510.859,0.556161
1511.565,0.554707
1512.271,0.553255
1512.978,0.551805
1513.684,0.550357
1514.390,0.548911
1515.097,0.547467
1515.803,0.546025
1516.510,0.544586
1517.216,0.543148
1517.922,0.541712
1518.629,0.540278
1519.335,0.538846
1520.041,0.537416
1520.748,0.535989
1521.454,0.534563
1522.160,0.533139
1522.867,0.531717
1523.573,0.530297
1524.279,0.528879
1524.986,0.527463
1525.692,0.526049
1526.398,0.524637
1527.105,0.523227
1527.811,0.521819
1528.517,0.520413
1529.224,0.519009
1529.930,0.517606
1530.636,0.516206
1531.343,0.514808
1532.049,0.513411
1532.755,0.512017
1533.462,0.510624
1534.168,0.509233
1534.874,0.507845
1535.581,0.506458
1536.287,0.505073
1536.993,0.503690
1537.700,0.502309
1538.406,0.500930
1539.112,0.499552
1539.819,0.498177
1540.525,0.496803
1541.231,0.495432
1541.938,0.494062
1542.644,0.492694
1543.350,0.491328
1544.057,0.489964
1544.763,0.488602
1545.469,0.487241
1546.176,0.485883
1546.882,0.484526
1547.588,0.483171
1548.295,0.481818
1549.001,0.480467
1549.707,0.479118
1550.414,0.477771
1551.120,0.476425
1551.826,0.475081
1552.533,0.473739
1553.239,0.472399
1553.945,0.471061
1554.652,0.469725
1555.358,0.468390
1556.064,0.467057
1556.771,0.465726
1557.477,0.464397
1558.184,0.463070
1558.890,0.461744
1559.596,0.460421
1560.303,0.459099
1561.009,0.457778
1561.715,0.456460
1562.422,0.455143
1563.128,0.453829
1563.834,0.452516
1564.541,0.451204
1565.247,0.449895
1565.953,0.448587
1566.660,0.447281
1567.366,0.445977
1568.072,0.444675
1568.779,0.443374
1569.485,0.442075
1570.191,0.440778
1570.898,0.439483
1571.604,0.438189
1572.310,0.436897
1573.017,0.435607
1573.723,0.434319
1574.429,0.433032
1575.136,0.431747
1575.842,0.430464
1576.548,0.429182
1577.255,0.427903
1577.961,0.426625
1578.667,0.425348
1579.374,0.424074
1580.080,0.422801
1580.786,0.421530
1581.493,0.420260
1582.199,0.418992
1582.905,0.417726
1583.612,0.416462
1584.318,0.415199
1585.024,0.413938
1585.731,0.412679
1586.437,0.411421
1587.143,0.410165
1587.850,0.408911
1588.556,0.407658
1589.262,0.406407
1589.969,0.405158
1590.675,0.403910
1591.381,0.402664
1592.088,0.401420
1592.794,0.400177
1593.500,0.398936
1594.207,0.397697
1594.913,0.396459
1595.619,0.395223
1596.326,0.393988
1597.032,0.392756
1597.738,0.391525
1598.445,0.390295
1599.151,0.389067
1599.857,0.387841
1600.564,0.386616
1601.270,0.385393
1601.977,0.384172
1602.683,0.382952
1603.389,0.381734
1604.096,0.380517
1604.802,0.379302
1605.508,0.378089
1606.215,0.376877
1606.921,0.375667
1607.627,0.374458
1608.334,0.373251
1609.040,0.372046
1609.746,0.370842
1610.453,0.369640
1611.159,0.368439
1611.865,0.367240
1612.572,0.366043
1613.278,0.364847
1613.984,0.363652
1614.691,0.362460
1615.397,0.361268
1616.103,0.360079
1616.810,0.358891
1617.516,0.357704
1618.222,0.356519
1618.929,0.355336
1619.635,0.354154
1620.341,0.352973
1621.048,0.351795
1621.754,0.350617
1622.460,0.349442
1623.167,0.348267
1623.873,0.347095
1624.579,0.345924
1625.286,0.344754
1625.992,0.343586
1626.698,0.342419
1627.405,0.341254
1628.111,0.340091
1628.817,0.338929
1629.524,0.337768
1630.230,0.336609
1630.936,0.335452
1631.643,0.334296
1632.349,0.333141
1633.055,0.331988
1633.762,0.330837
1634.468,0.329687
1635.174,0.328538
1635.881,0.327391
1636.587,0.326246
1637.293,0.325102
1638.000,0.323959
1638.706,0.322818
1639.412,0.321678
1640.119,0.320540
1640.825,0.319404
1641.531,0.318268
1642.238,0.317135
1642.944,0.316002
1643.651,0.314871
1644.357,0.313742
1645.063,0.312614
1645.770,0.311488
1646.476,0.310363
1647.182,0.309239
1647.889,0.308117
1648.595,0.306996
1649.301,0.305877
1650.008,0.304759
1650.714,0.303643
1651.420,0.302528
1652.127,0.301414
1652.833,0.300302
1653.539,0.299192
1654.246,0.298082
1654.952,0.296975
1655.658,0.295868
1656.365,0.294763
1657.071,0.293660
1657.777,0.292558
1658.484,0.291457
1659.190,0.290357
1659.896,0.289259
1660.603,0.288163
1661.309,0.287068
1662.015,0.285974
1662.722,0.284882
1663.428,0.283791
1664.134,0.282701
1664.841,0.281613
1665.547,0.280526
1666.253,0.279441
1666.960,0.278357
1667.666,0.277274
1668.372,0.276193
1669.079,0.275113
1669.785,0.274034
1670.491,0.272957
1671.198,0.271881
1671.904,0.270807
1672.610,0.269734
1673.317,0.268662
1674.023,0.267592
1674.729,0.266523
1675.436,0.265455
1676.142,0.264389
1676.848,0.263324
1677.555,0.262260
1678.261,0.261198
1678.967,0.260137
1679.674,0.259077
1680.380,0.258019
1681.086,0.256962
1681.793,0.255906
1682.499,0.254852
1683.205,0.253799
1683.912,0.252748
1684.618,0.251697
1685.324,0.250648
1686.031,0.249601
1686.737,0.248554
1687.444,0.247509
1688.150,0.246465
1688.856,0.245423
1689.563,0.244382
1690.269,0.243342
1690.975,0.242304
1691.682,0.241266
1692.388,0.240231
1693.094,0.239196
1693.801,0.238163
1694.507,0.237131
1695.213,0.236100
1695.920,0.235070
1696.626,0.234042
1697.332,0.233015
1698.039,0.231990
1698.745,0.230966
1699.451,0.229943
1700.158,0.228921
1700.864,0.227900
1701.570,0.226881
1702.277,0.225863
1702.983,0.224846
1703.689,0.223831
1704.396,0.222817
1705.102,0.221804
1705.808,0.220792
1706.515,0.219782
1707.221,0.218773
1707.927,0.217765
1708.634,0.216758
1709.340,0.215753
1710.046,0.214749
1710.753,0.213746
1711.459,0.212744
1712.165,0.211744
1712.872,0.210745
1713.578,0.209747
1714.284,0.208750
1714.991,0.207755
1715.697,0.206760
1716.403,0.205767
1717.110,0.204776
1717.816,0.203785
1718.522,0.202796
1719.229,0.201808
1719.935,0.200821
1720.641,0.199835
1721.348,0.198850
1722.054,0.197867
1722.760,0.196885
1723.467,0.195904
1724.173,0.194925
1724.879,0.193946
1725.586,0.192969
1726.292,0.191993
1726.998,0.191018
1727.705,0.190044
1728.411,0.189072
1729.118,0.188101
1729.824,0.187131
1730.530,0.186162
1731.237,0.185194
1731.943,0.184227
1732.649,0.183262
1733.356,0.182298
1734.062,0.181335
1734.768,0.180373
1735.475,0.179413
1736.181,0.178453
1736.887,0.177495
1737.594,0.176538
1738.300,0.175582
1739.006,0.174627
1739.713,0.173673
1740.419,0.172721
1741.125,0.171770
1741.832,0.170819
1742.538,0.169870
1743.244,0.168923
1743.951,0.167976
1744.657,0.167030
1745.363,0.166086
1746.070,0.165143
1746.776,0.164201
1747.482,0.163260
1748.189,0.162320
1748.895,0.161381
1749.601,0.160444
1750.308,0.159507
1751.014,0.158572
1751.720,0.157638
1752.427,0.156705
1753.133,0.155773
1753.839,0.154842
1754.546,0.153913
1755.252,0.152984
1755.958,0.152057
1756.665,0.151130
1757.371,0.150205
1758.077,0.149281
1758.784,0.148358
1759.490,0.147436
1760.196,0.146516
1760.903,0.145596
1761.609,0.144678
1762.315,0.143760
1763.022,0.142844
1763.728,0.141929
1764.434,0.141015
1765.141,0.140102
1765.847,0.139190
1766.553,0.138279
1767.260,0.137369
1767.966,0.136461
1768.672,0.135553
1769.379,0.134647
1770.085,0.133741
1770.791,0.132837
1771.498,0.131934
1772.204,0.131032
1772.911,0.130131
1773.617,0.129231
1774.323,0.128332
1775.030,0.127434
1775.736,0.126537
1776.442,0.125641
1777.149,0.124747
1777.855,0.123853
1778.561,0.122961
1779.268,0.122069
1779.974,0.121179
1780.680,0.120290
1781.387,0.119402
1782.093,0.118514
1782.799,0.117628
1783.506,0.116743
1784.212,0.115859
1784.918,0.114976
1785.625,0.114094
1786.331,0.113213
1787.037,0.112334
1787.744,0.111455
1788.450,0.110577
1789.156,0.109700
1789.863,0.108825
1790.569,0.107950
1791.275,0.107076
1791.982,0.106204
1792.688,0.105332
1793.394,0.104462
1794.101,0.103592
1794.807,0.102724
1795.513,0.101856
1796.220,0.100990
1796.926,0.100125
1797.632,0.099260
1798.339,0.098397
1799.045,0.097534
1799.751,0.096673
1800.458,0.095813
1801.164,0.094954
1801.870,0.094095
1802.577,0.093238
1803.283,0.092382
1803.989,0.091526
1804.696,0.090672
1805.402,0.089819
1806.108,0.088967
1806.815,0.088115
1807.521,0.087265
1808.227,0.086416
1808.934,0.085568
1809.640,0.084720
1810.346,0.083874
1811.053,0.083029
1811.759,0.082185
1812.465,0.081341
1813.172,0.080499
1813.878,0.079658
1814.585,0.078817
1815.291,0.077978
1815.997,0.077139
1816.704,0.076302
1817.410,0.075466
1818.116,0.074630
1818.823,0.073796
1819.529,0.072962
1820.235,0.072129
1820.942,0.071298
1821.648,0.070467
1822.354,0.069638
1823.061,0.068809
1823.767,0.067981
1824.473,0.067154
1825.180,0.066329
1825.886,0.065504
1826.592,0.064680
1827.299,0.063857
1828.005,0.063035
1828.711,0.062214
1829.418,0.061394
1830.124,0.060575
1830.830,0.059756
1831.537,0.058939
1832.243,0.058123
1832.949,0.057308
1833.656,0.056493
1834.362,0.055680
1835.068,0.054867
1835.775,0.054056
1836.481,0.053245
1837.187,0.052435
1837.894,0.051626
1838.600,0.050819
1839.306,0.050012
1840.013,0.049206
1840.719,0.048401
1841.425,0.047596
1842.132,0.046793
1842.838,0.045991
1843.544,0.045190
1844.251,0.044389
1844.957,0.043590
1845.663,0.042791
1846.370,0.041993
1847.076,0.041196
1847.782,0.040401
1848.489,0.039606
1849.195,0.038812
1849.901,0.038018
1850.608,0.037226
1851.314,0.036435
1852.020,0.035644
1852.727,0.034855
1853.433,0.034066
1854.139,0.033279
1854.846,0.032492
1855.552,0.031706
1856.258,0.030921
1856.965,0.030137
1857.671,0.029354
1858.378,0.028571
1859.084,0.027790
1859.790,0.027009
1860.497,0.026230
1861.203,0.025451
1861.909,0.024673
1862.616,0.023896
1863.322,0.023120
1864.028,0.022345
1864.735,0.021570
1865.441,0.020797
1866.147,0.020024
1866.854,0.019252
1867.560,0.018482
1868.266,0.017712
1868.973,0.016942
1869.679,0.016174
1870.385,0.015407
1871.092,0.014640
1871.798,0.013875
1872.504,0.013110
1873.211,0.012346
1873.917,0.011583
1874.623,0.010821
1875.330,0.010060
1876.036,0.009299
1876.742,0.008540
1877.449,0.007781
1878.155,0.007023
1878.861,0.006266
1879.568,0.005510
1880.274,0.004755
1880.980,0.004000
1881.687,0.003246
1882.393,0.002494
1883.099,0.001742
1883.806,0.000991
1884.512,0.000240
1885.218,-0.000509
1885.925,-0.001257
1886.631,-0.002005
1887.337,-0.002752
1888.044,-0.003498
1888.750,-0.004243
1889.456,-0.004988
1890.163,-0.005731
1890.869,-0.006474
1891.575,-0.007216
1892.282,-0.007957
1892.988,-0.008697
1893.694,-0.009436
1894.401,-0.010175
1895.107,-0.010912
1895.813,-0.011649
1896.520,-0.012385
1897.226,-0.013121
1897.932,-0.013855
1898.639,-0.014589
1899.345,-0.015321
1900.052,-0.016053
1900.758,-0.016785
1901.464,-0.017515
1902.171,-0.018244
1902.877,-0.018973
1903.583,-0.019701
1904.290,-0.020428
1904.996,-0.021154
1905.702,-0.021880
1906.409,-0.022605
1907.115,-0.023328
1907.821,-0.024052
1908.528,-0.024774
1909.234,-0.025495
1909.940,-0.026216
1910.647,-0.026936
1911.353,-0.027655
1912.059,-0.028373
1912.766,-0.029091
1913.472,-0.029807
1914.178,-0.030523
1914.885,-0.031238
1915.591,-0.031952
1916.297,-0.032666
1917.004,-0.033379
1917.710,-0.034091
1918.416,-0.034802
1919.123,-0.035512
1919.829,-0.036222
1920.535,-0.036930
1921.242,-0.037638
1921.948,-0.038346
1922.654,-0.039052
1923.361,-0.039758
1924.067,-0.040463
1924.773,-0.041167
1925.480,-0.041870
1926.186,-0.042573
1926.892,-0.043275
1927.599,-0.043976
1928.305,-0.044676
1929.011,-0.045375
1929.718,-0.046074
1930.424,-0.046772
1931.130,-0.047469
1931.837,-0.048166
1932.543,-0.048861
1933.249,-0.049556
1933.956,-0.050250
1934.662,-0.050944
1935.368,-0.051636
1936.075,-0.052328
1936.781,-0.053019
1937.487,-0.053710
1938.194,-0.054399
1938.900,-0.055088
1939.606,-0.055776
1940.313,-0.056463
1941.019,-0.057150
1941.725,-0.057836
1942.432,-0.058521
1943.138,-0.059205
1943.845,-0.059889
1944.551,-0.060572
1945.257,-0.061254
1945.964,-0.061935
1946.670,-0.062616
1947.376,-0.063296
1948.083,-0.063975
1948.789,-0.064653
1949.495,-0.065331
1950.202,-0.066008
1950.908,-0.066684
1951.614,-0.067359
1952.321,-0.068034
1953.027,-0.068708
1953.733,-0.069381
1954.440,-0.070054
1955.146,-0.070726
1955.852,-0.071397
1956.559,-0.072067
1957.265,-0.072737
1957.971,-0.073406
1958.678,-0.074074
1959.384,-0.074741
1960.090,-0.075408
1960.797,-0.076074
1961.503,-0.076739
1962.209,-0.077404
1962.916,-0.078068
1963.622,-0.078731
1964.328,-0.079393
1965.035,-0.080055
1965.741,-0.080716
1966.447,-0.081376
1967.154,-0.082036
1967.860,-0.082695
1968.566,-0.083353
1969.273,-0.084010
1969.979,-0.084667
1970.685,-0.085323
1971.392,-0.085979
1972.098,-0.086633
1972.804,-0.087287
1973.511,-0.087940
1974.217,-0.088593
1974.923,-0.089245
1975.630,-0.089896
1976.336,-0.090546
1977.042,-0.091196
1977.749,-0.091845
1978.455,-0.092493
1979.161,-0.093141
1979.868,-0.093788
1980.574,-0.094434
1981.280,-0.095080
1981.987,-0.095725
1982.693,-0.096369
1983.399,-0.097012
1984.106,-0.097655
1984.812,-0.098297
1985.519,-0.098939
1986.225,-0.099579
1986.931,-0.100219
1987.638,-0.100859
1988.344,-0.101498
1989.050,-0.102136
1989.757,-0.102773
1990.463,-0.103410
1991.169,-0.104046
1991.876,-0.104681
1992.582,-0.105316
1993.288,-0.105950
1993.995,-0.106583
1994.701,-0.107215
1995.407,-0.107847
1996.114,-0.108479
1996.820,-0.109109
1997.526,-0.109739
1998.233,-0.110368
1998.939,-0.110997
1999.645,-0.111625
2000.352,-0.112252
2001.058,-0.112879
2001.764,-0.113505
2002.471,-0.114130
2003.177,-0.114755
2003.883,-0.115379
2004.590,-0.116002
2005.296,-0.116625
2006.002,-0.117247
2006.709,-0.117868
2007.415,-0.118489
2008.121,-0.119109
2008.828,-0.119728
2009.534,-0.120347
2010.240,-0.120965
2010.947,-0.121582
2011.653,-0.122199
2012.359,-0.122815
2013.066,-0.123431
2013.772,-0.124045
2014.478,-0.124660
2015.185,-0.125273
2015.891,-0.125886
2016.597,-0.126498
2017.304,-0.127110
2018.010,-0.127721
2018.716,-0.128331
2019.423,-0.128941
2020.129,-0.129550
2020.835,-0.130158
2021.542,-0.130766
2022.248,-0.131373
2022.954,-0.131979
2023.661,-0.132585
2024.367,-0.133190
2025.073,-0.133795
2025.780,-0.134399
2026.486,-0.135002
2027.192,-0.135605
2027.899,-0.136207
2028.605,-0.136808
2029.312,-0.137409
2030.018,-0.138009
2030.724,-0.138609
2031.431,-0.139208
2032.137,-0.139806
2032.843,-0.140404
2033.550,-0.141001
2034.256,-0.141597
2034.962,-0.142193
2035.669,-0.142788
2036.375,-0.143383
2037.081,-0.143977
2037.788,-0.144570
2038.494,-0.145163
2039.200,-0.145755
2039.907,-0.146346
2040.613,-0.146937
2041.319,-0.147528
2042.026,-0.148117
2042.732,-0.148706
2043.438,-0.149295
2044.145,-0.149882
2044.851,-0.150470
2045.557,-0.151056
2046.264,-0.151642
2046.970,-0.152228
2047.676,-0.152812
2048.383,-0.153396
2049.089,-0.153980
2049.795,-0.154563
2050.502,-0.155145
2051.208,-0.155727
2051.914,-0.156308
2052.621,-0.156889
2053.327,-0.157469
2054.033,-0.158048
2054.740,-0.158627
2055.446,-0.159205
2056.152,-0.159783
2056.859,-0.160360
2057.565,-0.160936
2058.271,-0.161512
2058.978,-0.162087
2059.684,-0.162662
2060.390,-0.163236
2061.097,-0.163809
2061.803,-0.164382
2062.509,-0.164954
2063.216,-0.165526
2063.922,-0.166097
2064.628,-0.166667
2065.335,-0.167237
2066.041,-0.167806
2066.747,-0.168375
2067.454,-0.168943
2068.160,-0.169511
2068.866,-0.170078
2069.573,-0.170644
2070.279,-0.171210
2070.986,-0.171775
2071.692,-0.172340
2072.398,-0.172904
2073.105,-0.173468
2073.811,-0.174031
2074.517,-0.174593
2075.224,-0.175155
2075.930,-0.175716
2076.636,-0.176277
2077.343,-0.176837
2078.049,-0.177396
2078.755,-0.177955
2079.462,-0.178513
2080.168,-0.179071
2080.874,-0.179628
2081.581,-0.180185
2082.287,-0.180741
2082.993,-0.181297
2083.700,-0.181852
2084.406,-0.182406
2085.112,-0.182960
2085.819,-0.183513
2086.525,-0.184066
2087.231,-0.184618
2087.938,-0.185170
2088.644,-0.185721
2089.350,-0.186271
2090.057,-0.186821
2090.763,-0.187370
2091.469,-0.187919
2092.176,-0.188467
2092.882,-0.189015
2093.588,-0.189562
2094.295,-0.190109
2095.001,-0.190655
2095.707,-0.191200
2096.414,-0.191745
2097.120,-0.192290
2097.826,-0.192833
2098.533,-0.193377
2099.239,-0.193919
2099.945,-0.194462
2100.652,-0.195003
2101.358,-0.195544
2102.064,-0.196085
2102.771,-0.196625
2103.477,-0.197164
2104.183,-0.197703
2104.890,-0.198242
2105.596,-0.198779
2106.302,-0.199317
2107.009,-0.199853
2107.715,-0.200390
2108.421,-0.200925
2109.128,-0.201460
2109.834,-0.201995
2110.540,-0.202529
2111.247,-0.203063
2111.953,-0.203596
2112.660,-0.204128
2113.366,-0.204660
2114.072,-0.205191
2114.779,-0.205722
2115.485,-0.206252
2116.191,-0.206782
2116.898,-0.207311
2117.604,-0.207840
2118.310,-0.208368
2119.017,-0.208896
2119.723,-0.209423
2120.429,-0.209950
2121.136,-0.210476
2121.842,-0.211001
2122.548,-0.211526
2123.255,-0.212051
2123.961,-0.212575
2124.667,-0.213098
2125.374,-0.213621
2126.080,-0.214144
2126.786,-0.214666
2127.493,-0.215187
2128.199,-0.215708
2128.905,-0.216228
2129.612,-0.216748
2130.318,-0.217267
2131.024,-0.217786
2131.731,-0.218305
2132.437,-0.218822
2133.143,-0.219340
2133.850,-0.219856
2134.556,-0.220373
2135.262,-0.220888
2135.969,-0.221403
2136.675,-0.221918
2137.381,-0.222432
2138.088,-0.222946
2138.794,-0.223459
2139.500,-0.223972
2140.207,-0.224484
2140.913,-0.224996
2141.619,-0.225507
2142.326,-0.226017
2143.032,-0.226527
2143.738,-0.227037
2144.445,-0.227546
2145.151,-0.228055
2145.857,-0.228563
2146.564,-0.229071
2147.270,-0.229578
2147.976,-0.230084
2148.683,-0.230590
2149.389,-0.231096
2150.095,-0.231601
2150.802,-0.232106
2151.508,-0.232610
2152.214,-0.233113
2152.921,-0.233617
2153.627,-0.234119
2154.333,-0.234621
2155.040,-0.235123
2155.746,-0.235624
2156.453,-0.236125
2157.159,-0.236625
2157.865,-0.237125
2158.572,-0.237624
2159.278,-0.238122
2159.984,-0.238621
2160.691,-0.239118
2161.397,-0.239616
2162.103,-0.240112
2162.810,-0.240609
2163.516,-0.241104
2164.222,-0.241600
2164.929,-0.242094
2165.635,-0.242589
2166.341,-0.243083
2167.048,-0.243576
2167.754,-0.244069
2168.460,-0.244561
2169.167,-0.245053
2169.873,-0.245544
2170.579,-0.246035
2171.286,-0.246526
2171.992,-0.247016
2172.698,-0.247505
2173.405,-0.247994
2174.111,-0.248483
2174.817,-0.248971
2175.524,-0.249459
2176.230,-0.249946
2176.936,-0.250432
2177.643,-0.250919
2178.349,-0.251404
2179.055,-0.251890
2179.762,-0.252374
2180.468,-0.252859
2181.174,-0.253342
2181.881,-0.253826
2182.587,-0.254309
2183.293,-0.254791
2184.000,-0.255273
2184.706,-0.255754
2185.412,-0.256236
2186.119,-0.256716
2186.825,-0.257196
2187.531,-0.257676
2188.238,-0.258155
2188.944,-0.258634
2189.650,-0.259112
2190.357,-0.259590
2191.063,-0.260067
2191.769,-0.260544
2192.476,-0.261020
2193.182,-0.261496
2193.888,-0.261971
2194.595,-0.262446
2195.301,-0.262921
2196.007,-0.263395
2196.714,-0.263869
2197.420,-0.264342
2198.127,-0.264815
2198.833,-0.265287
2199.539,-0.265759
2200.246,-0.266230
2200.952,-0.266701
2201.658,-0.267171
2202.365,-0.267641
2203.071,-0.268111
2203.777,-0.268580
2204.484,-0.269049
2205.190,-0.269517
2205.896,-0.269984
2206.603,-0.270452
2207.309,-0.270919
2208.015,-0.271385
2208.722,-0.271851
2209.428,-0.272316
2210.134,-0.272781
2210.841,-0.273246
2211.547,-0.273710
2212.253,-0.274174
2212.960,-0.274637
2213.666,-0.275100
2214.372,-0.275562
2215.079,-0.276024
2215.785,-0.276486
2216.491,-0.276947
2217.198,-0.277408
2217.904,-0.277868
2218.610,-0.278327
2219.317,-0.278787
2220.023,-0.279246
2220.729,-0.279704
2221.436,-0.280162
2222.142,-0.280620
2222.848,-0.281077
2223.555,-0.281533
2224.261,-0.281990
2224.967,-0.282445
2225.674,-0.282901
2226.380,-0.283356
2227.086,-0.283810
2227.793,-0.284264
2228.499,-0.284718
2229.205,-0.285171
2229.912,-0.285624
2230.618,-0.286076
2231.324,-0.286528
2232.031,-0.286980
2232.737,-0.287431
2233.443,-0.287881
2234.150,-0.288332
2234.856,-0.288781
2235.562,-0.289231
2236.269,-0.289680
2236.975,-0.290128
2237.681,-0.290576
2238.388,-0.291024
2239.094,-0.291471
2239.800,-0.291918
2240.507,-0.292364
2241.213,-0.292810
2241.920,-0.293256
2242.626,-0.293701
2243.332,-0.294146
2244.039,-0.294590
2244.745,-0.295034
2245.451,-0.295477
2246.158,-0.295920
2246.864,-0.296363
2247.570,-0.296805
2248.277,-0.297247
2248.983,-0.297688
2249.689,-0.298129
2250.396,-0.298570
2251.102,-0.299010
2251.808,-0.299450
2252.515,-0.299889
2253.221,-0.300328
2253.927,-0.300766
2254.634,-0.301204
2255.340,-0.301642
2256.046,-0.302079
2256.753,-0.302516
2257.459,-0.302952
2258.165,-0.303388
2258.872,-0.303824
2259.578,-0.304259
2260.284,-0.304694
2260.991,-0.305128
2261.697,-0.305562
2262.403,-0.305996
2263.110,-0.306429
2263.816,-0.306862
2264.522,-0.307294
2265.229,-0.307726
2265.935,-0.308157
2266.641,-0.308588
2267.348,-0.309019
2268.054,-0.309449
2268.760,-0.309879
2269.467,-0.310309
2270.173,-0.310738
2270.879,-0.311167
2271.586,-0.311595
2272.292,-0.312023
2272.998,-0.312450
2273.705,-0.312878
2274.411,-0.313304
2275.117,-0.313731
2275.824,-0.314157
2276.530,-0.314582
2277.236,-0.315007
2277.943,-0.315432
2278.649,-0.315856
2279.355,-0.316280
2280.062,-0.316704
2280.768,-0.317127
2281.474,-0.317550
2282.181,-0.317972
2282.887,-0.318394
2283.594,-0.318816
2284.300,-0.319237
2285.006,-0.319658
2285.713,-0.320078
2286.419,-0.320498
2287.125,-0.320918
2287.832,-0.321337
2288.538,-0.321756
2289.244,-0.322174
2289.951,-0.322592
2290.657,-0.323010
2291.363,-0.323427
2292.070,-0.323844
2292.776,-0.324261
2293.482,-0.324677
2294.189,-0.325093
2294.895,-0.325508
2295.601,-0.325923
2296.308,-0.326338
2297.014,-0.326752
2297.720,-0.327166
2298.427,-0.327579
2299.133,-0.327993
2299.839,-0.328405
2300.546,-0.328818
2301.252,-0.329230
2301.958,-0.329641
2302.665,-0.330052
2303.371,-0.330463
2304.077,-0.330874
2304.784,-0.331284
2305.490,-0.331693
2306.196,-0.332103
2306.903,-0.332512
2307.609,-0.332920
2308.315,-0.333328
2309.022,-0.333736
2309.728,-0.334144
2310.434,-0.334551
2311.141,-0.334957
2311.847,-0.335364
2312.553,-0.335770
2313.260,-0.336175
2313.966,-0.336580
2314.672,-0.336985
2315.379,-0.337390
2316.085,-0.337794
2316.791,-0.338198
2317.498,-0.338601
2318.204,-0.339004
2318.910,-0.339406
2319.617,-0.339809
2320.323,-0.340211
2321.029,-0.340612
2321.736,-0.341013
2322.442,-0.341414
2323.148,-0.341814
2323.855,-0.342215
2324.561,-0.342614
2325.267,-0.343014
2325.974,-0.343413
2326.680,-0.343811
2327.387,-0.344209
2328.093,-0.344607
2328.799,-0.345005
2329.506,-0.345402
2330.212,-0.345799
2330.918,-0.346195
2331.625,-0.346591
2332.331,-0.346987
2333.037,-0.347382
2333.744,-0.347777
2334.450,-0.348172
2335.156,-0.348566
2335.863,-0.348960
2336.569,-0.349354
2337.275,-0.349747
2337.982,-0.350140
2338.688,-0.350532
2339.394,-0.350924
2340.101,-0.351316
2340.807,-0.351707
2341.513,-0.352098
2342.220,-0.352489
2342.926,-0.352880
2343.632,-0.353270
2344.339,-0.353659
2345.045,-0.354049
2345.751,-0.354437
2346.458,-0.354826
2347.164,-0.355214
2347.870,-0.355602
2348.577,-0.355990
2349.283,-0.356377
2349.989,-0.356764
2350.696,-0.357150
2351.402,-0.357536
2352.108,-0.357922
2352.815,-0.358308
2353.521,-0.358693
2354.227,-0.359078
2354.934,-0.359462
2355.640,-0.359846
2356.346,-0.360230
2357.053,-0.360613
2357.759,-0.360996
2358.465,-0.361379
2359.172,-0.361761
2359.878,-0.362143
2360.584,-0.362525
2361.291,-0.362906
2361.997,-0.363287
2362.703,-0.363668
2363.410,-0.364048
2364.116,-0.364428
2364.822,-0.364808
2365.529,-0.365187
2366.235,-0.365566
2366.941,-0.365945
2367.648,-0.366323
2368.354,-0.366701
2369.061,-0.367078
2369.767,-0.367456
2370.473,-0.367833
2371.180,-0.368209
2371.886,-0.368585
2372.592,-0.368961
2373.299,-0.369337
2374.005,-0.369712
2374.711,-0.370087
2375.418,-0.370461
2376.124,-0.370836
2376.830,-0.371210
2377.537,-0.371583
2378.243,-0.371956
2378.949,-0.372329
2379.656,-0.372702
2380.362,-0.373074
2381.068,-0.373446
2381.775,-0.373817
2382.481,-0.374189
2383.187,-0.374560
2383.894,-0.374930
2384.600,-0.375300
2385.306,-0.375670
2386.013,-0.376040
2386.719,-0.376409
2387.425,-0.376778
2388.132,-0.377147
2388.838,-0.377515
2389.544,-0.377883
2390.251,-0.378251
2390.957,-0.378618
2391.663,-0.378985
2392.370,-0.379352
2393.076,-0.379718
2393.782,-0.380084
2394.489,-0.380450
2395.195,-0.380815
2395.901,-0.381180
2396.608,-0.381545
2397.314,-0.381909
2398.020,-0.382273
2398.727,-0.382637
2399.433,-0.383000
2400.139,-0.383363
2400.846,-0.383726
2401.552,-0.384089
2402.258,-0.384451
2402.965,-0.384813
2403.671,-0.385174
2404.377,-0.385535
2405.084,-0.385896
2405.790,-0.386257
2406.496,-0.386617
2407.203,-0.386977
2407.909,-0.387336
2408.615,-0.387696
2409.322,-0.388055
2410.028,-0.388413
2410.734,-0.388772
2411.441,-0.389130
2412.147,-0.389487
2412.854,-0.389845
2413.560,-0.390202
2414.266,-0.390559
2414.973,-0.390915
2415.679,-0.391271
2416.385,-0.391627
2417.092,-0.391983
2417.798,-0.392338
2418.504,-0.392693
2419.211,-0.393047
2419.917,-0.393401
2420.623,-0.393755
2421.330,-0.394109
2422.036,-0.394462
2422.742,-0.394815
2423.449,-0.395168
2424.155,-0.395521
2424.861,-0.395873
2425.568,-0.396225
2426.274,-0.396576
2426.980,-0.396927
2427.687,-0.397278
2428.393,-0.397629
2429.099,-0.397979
2429.806,-0.398329
2430.512,-0.398679
2431.218,-0.399028
2431.925,-0.399377
2432.631,-0.399726
2433.337,-0.400074
2434.044,-0.400422
2434.750,-0.400770
2435.456,-0.401118
2436.163,-0.401465
2436.869,-0.401812
2437.575,-0.402158
2438.282,-0.402505
2438.988,-0.402851
2439.694,-0.403196
2440.401,-0.403542
2441.107,-0.403887
2441.813,-0.404232
2442.520,-0.404576
2443.226,-0.404921
2443.932,-0.405264
2444.639,-0.405608
2445.345,-0.405951
2446.051,-0.406294
2446.758,-0.406637
2447.464,-0.406980
2448.170,-0.407322
2448.877,-0.407664
2449.583,-0.408005
2450.289,-0.408346
2450.996,-0.408687
2451.702,-0.409028
2452.408,-0.409368
2453.115,-0.409709
2453.821,-0.410048
2454.528,-0.410388
2455.234,-0.410727
2455.940,-0.411066
2456.647,-0.411405
2457.353,-0.411743
2458.059,-0.412081
2458.766,-0.412419
2459.472,-0.412756
2460.178,-0.413093
2460.885,-0.413430
2461.591,-0.413767
2462.297,-0.414103
2463.004,-0.414439
2463.710,-0.414775
2464.416,-0.415110
2465.123,-0.415445
2465.829,-0.415780
2466.535,-0.416115
2467.242,-0.416449
2467.948,-0.416783
2468.654,-0.417117
2469.361,-0.417450
2470.067,-0.417783
2470.773,-0.418116
2471.480,-0.418449
2472.186,-0.418781
2472.892,-0.419113
2473.599,-0.419444
2474.305,-0.419776
2475.011,-0.420107
2475.718,-0.420438
2476.424,-0.420768
2477.130,-0.421099
2477.837,-0.421429
2478.543,-0.421758
2479.249,-0.422088
2479.956,-0.422417
2480.662,-0.422746
2481.368,-0.423074
2482.075,-0.423403
2482.781,-0.423731
2483.487,-0.424059
2484.194,-0.424386
2484.900,-0.424713
2485.606,-0.425040
2486.313,-0.425367
2487.019,-0.425693
2487.725,-0.426019
2488.432,-0.426345
2489.138,-0.426671
2489.844,-0.426996
2490.551,-0.427321
2491.257,-0.427645
2491.963,-0.427970
2492.670,-0.428294
2493.376,-0.428618
2494.082,-0.428941
2494.789,-0.429265
2495.495,-0.429588
2496.201,-0.429911
2496.908,-0.430233
2497.614,-0.430555
2498.321,-0.430877
2499.027,-0.431199
2499.733,-0.431520
2500.440,-0.431841
2501.146,-0.432162
2501.852,-0.432483
2502.559,-0.432803
2503.265,-0.433123
2503.971,-0.433443
2504.678,-0.433763
2505.384,-0.434082
2506.090,-0.434401
2506.797,-0.434719
2507.503,-0.435038
2508.209,-0.435356
2508.916,-0.435674
2509.622,-0.435992
2510.328,-0.436309
2511.035,-0.436626
2511.741,-0.436943
2512.447,-0.437259
2513.154,-0.437576
2513.860,-0.437892
2514.566,-0.438207
2515.273,-0.438523
2515.979,-0.438838
2516.685,-0.439153
2517.392,-0.439468
2518.098,-0.439782
2518.804,-0.440096
2519.511,-0.440410
2520.217,-0.440724
2520.923,-0.441037
2521.630,-0.441350
2522.336,-0.441663
2523.042,-0.441976
2523.749,-0.442288
2524.455,-0.442600
2525.161,-0.442912
2525.868,-0.443223
2526.574,-0.443535
2527.280,-0.443846
2527.987,-0.444156
2528.693,-0.444467
2529.399,-0.444777
2530.106,-0.445087
2530.812,-0.445397
2531.518,-0.445706
2532.225,-0.446015
2532.931,-0.446324
2533.637,-0.446633
2534.344,-0.446941
2535.050,-0.447249
2535.756,-0.447557
2536.463,-0.447865
2537.169,-0.448172
2537.875,-0.448480
2538.582,-0.448786
2539.288,-0.449093
2539.995,-0.449399
2540.701,-0.449705
2541.407,-0.450011
2542.114,-0.450317
2542.820,-0.450622
2543.526,-0.450927
2544.233,-0.451232
2544.939,-0.451537
2545.645,-0.451841
2546.352,-0.452145
2547.058,-0.452449
2547.764,-0.452753
2548.471,-0.453056
2549.177,-0.453359
2549.883,-0.453662
2550.590,-0.453964
2551.296,-0.454267
2552.002,-0.454569
2552.709,-0.454870
2553.415,-0.455172
2554.121,-0.455473
2554.828,-0.455774
2555.534,-0.456075
2556.240,-0.456376
2556.947,-0.456676
2557.653,-0.456976
2558.359,-0.457276
2559.066,-0.457575
2559.772,-0.457875
2560.478,-0.458174
2561.185,-0.458473
2561.891,-0.458771
2562.597,-0.459069
2563.304,-0.459368
2564.010,-0.459665
2564.716,-0.459963
2565.423,-0.460260
2566.129,-0.460557
2566.835,-0.460854
2567.542,-0.461151
2568.248,-0.461447
2568.954,-0.461743
2569.661,-0.462039
2570.367,-0.462335
2571.073,-0.462630
2571.780,-0.462925
2572.486,-0.463220
2573.192,-0.463515
2573.899,-0.463809
2574.605,-0.464103
2575.311,-0.464397
2576.018,-0.464691
2576.724,-0.464984
2577.430,-0.465278
2578.137,-0.465571
2578.843,-0.465863
2579.549,-0.466156
2580.256,-0.466448
2580.962,-0.466740
2581.668,-0.467032
2582.375,-0.467323
2583.081,-0.467615
2583.788,-0.467906
2584.494,-0.468196
2585.200,-0.468487
2585.907,-0.468777
2586.613,-0.469067
2587.319,-0.469357
2588.026,-0.469647
2588.732,-0.469936
2589.438,-0.470225
2590.145,-0.470514
2590.851,-0.470803
2591.557,-0.471091
2592.264,-0.471380
2592.970,-0.471668
2593.676,-0.471955
2594.383,-0.472243
2595.089,-0.472530
2595.795,-0.472817
2596.502,-0.473104
2597.208,-0.473390
2597.914,-0.473677
2598.621,-0.473963
2599.327,-0.474249
2600.033,-0.474534
2600.740,-0.474820
2601.446,-0.475105
2602.152,-0.475390
2602.859,-0.475674
2603.565,-0.475959
2604.271,-0.476243
2604.978,-0.476527
2605.684,-0.476811
2606.390,-0.477094
2607.097,-0.477378
2607.803,-0.477661
2608.509,-0.477944
2609.216,-0.478226
2609.922,-0.478509
2610.628,-0.478791
2611.335,-0.479073
2612.041,-0.479354
2612.747,-0.479636
2613.454,-0.479917
2614.160,-0.480198
2614.866,-0.480479
2615.573,-0.480759
2616.279,-0.481040
2616.985,-0.481320
2617.692,-0.481600
2618.398,-0.481879
2619.104,-0.482159
2619.811,-0.482438
2620.517,-0.482717
2621.223,-0.482996
2621.930,-0.483274
2622.636,-0.483553
2623.342,-0.483831
2624.049,-0.484108
2624.755,-0.484386
2625.462,-0.484663
2626.168,-0.484941
2626.874,-0.485218
2627.581,-0.485494
2628.287,-0.485771
2628.993,-0.486047
2629.700,-0.486323
2630.406,-0.486599
2631.112,-0.486875
2631.819,-0.487150
2632.525,-0.487425
2633.231,-0.487700
2633.938,-0.487975
2634.644,-0.488249
2635.350,-0.488524
2636.057,-0.488798
2636.763,-0.489072
2637.469,-0.489345
2638.176,-0.489619
2638.882,-0.489892
2639.588,-0.490165
2640.295,-0.490437
2641.001,-0.490710
2641.707,-0.490982
2642.414,-0.491254
2643.120,-0.491526
2643.826,-0.491798
2644.533,-0.492069
2645.239,-0.492341
2645.945,-0.492612
2646.652,-0.492882
2647.358,-0.493153
2648.064,-0.493423
2648.771,-0.493693
2649.477,-0.493963
2650.183,-0.494233
2650.890,-0.494503
2651.596,-0.494772
2652.302,-0.495041
2653.009,-0.495310
2653.715,-0.495578
2654.421,-0.495847
2655.128,-0.496115
2655.834,-0.496383
2656.540,-0.496651
2657.247,-0.496918
2657.953,-0.497186
2658.659,-0.497453
2659.366,-0.497720
2660.072,-0.497986
2660.778,-0.498253
2661.485,-0.498519
2662.191,-0.498785
2662.897,-0.499051
2663.604,-0.499317
2664.310,-0.499582
2665.016,-0.499847
2665.723,-0.500113
2666.429,-0.500377
2667.135,-0.500642
2667.842,-0.500906
2668.548,-0.501170
2669.255,-0.501434
2669.961,-0.501698
2670.667,-0.501962
2671.374,-0.502225
2672.080,-0.502488
2672.786,-0.502751
2673.493,-0.503014
2674.199,-0.503276
2674.905,-0.503539
2675.612,-0.503801
2676.318,-0.504063
2677.024,-0.504324
2677.731,-0.504586
2678.437,-0.504847
2679.143,-0.505108
2679.850,-0.505369
2680.556,-0.505630
2681.262,-0.505890
2681.969,-0.506150
2682.675,-0.506410
2683.381,-0.506670
2684.088,-0.506930
2684.794,-0.507189
2685.500,-0.507448
2686.207,-0.507707
2686.913,-0.507966
2687.619,-0.508225
2688.326,-0.508483
2689.032,-0.508741
2689.738,-0.508999
2690.445,-0.509257
2691.151,-0.509515
2691.857,-0.509772
2692.564,-0.510029
2693.270,-0.510286
2693.976,-0.510543
2694.683,-0.510799
2695.389,-0.511056
2696.095,-0.511312
2696.802,-0.511568
2697.508,-0.511824
2698.214,-0.512079
2698.921,-0.512335
2699.627,-0.512590
2700.333,-0.512845
2701.040,-0.513099
2701.746,-0.513354
2702.452,-0.513608
2703.159,-0.513862
2703.865,-0.514116
2704.571,-0.514370
2705.278,-0.514624
2705.984,-0.514877
2706.690,-0.515130
2707.397,-0.515383
2708.103,-0.515636
2708.809,-0.515889
2709.516,-0.516141
2710.222,-0.516393
2710.929,-0.516645
2711.635,-0.516897
2712.341,-0.517148
2713.048,-0.517400
2713.754,-0.517651
2714.460,-0.517902
2715.167,-0.518153
2715.873,-0.518403
2716.579,-0.518654
2717.286,-0.518904
2717.992,-0.519154
2718.698,-0.519404
2719.405,-0.519654
2720.111,-0.519903
2720.817,-0.520152
2721.524,-0.520401
2722.230,-0.520650
2722.936,-0.520899
2723.643,-0.521147
2724.349,-0.521395
2725.055,-0.521644
2725.762,-0.521891
2726.468,-0.522139
2727.174,-0.522387
2727.881,-0.522634
2728.587,-0.522881
2729.293,-0.523128
2730.000,-0.523375
2730.706,-0.523621
2731.412,-0.523868
2732.119,-0.524114
2732.825,-0.524360
2733.531,-0.524606
2734.238,-0.524851
2734.944,-0.525097
2735.650,-0.525342
2736.357,-0.525587
2737.063,-0.525832
2737.769,-0.526076
2738.476,-0.526321
2739.182,-0.526565
2739.888,-0.526809
2740.595,-0.527053
2741.301,-0.527297
2742.007,-0.527540
2742.714,-0.527783
2743.420,-0.528026
2744.126,-0.528269
2744.833,-0.528512
2745.539,-0.528755
2746.245,-0.528997
2746.952,-0.529239
2747.658,-0.529481
2748.364,-0.529723
2749.071,-0.529965
2749.777,-0.530206
2750.483,-0.530447
2751.190,-0.530689
2751.896,-0.530929
2752.602,-0.531170
2753.309,-0.531411
2754.015,-0.531651
2754.722,-0.531891
2755.428,-0.532131
2756.134,-0.532371
2756.841,-0.532610
2757.547,-0.532850
2758.253,-0.533089
2758.960,-0.533328
2759.666,-0.533567
2760.372,-0.533806
2761.079,-0.534044
2761.785,-0.534283
2762.491,-0.534521
2763.198,-0.534759
2763.904,-0.534996
2764.610,-0.535234
2765.317,-0.535471
2766.023,-0.535709
2766.729,-0.535946
2767.436,-0.536182
2768.142,-0.536419
2768.848,-0.536656
2769.555,-0.536892
2770.261,-0.537128
2770.967,-0.537364
2771.674,-0.537600
2772.380,-0.537835
2773.086,-0.538071
2773.793,-0.538306
2774.499,-0.538541
2775.205,-0.538776
2775.912,-0.539011
2776.618,-0.539245
2777.324,-0.539479
2778.031,-0.539714
2778.737,-0.539948
2779.443,-0.540181
2780.150,-0.540415
2780.856,-0.540648
2781.562,-0.540882
2782.269,-0.541115
2782.975,-0.541348
2783.681,-0.541580
2784.388,-0.541813
2785.094,-0.542045
2785.800,-0.542278
2786.507,-0.542510
2787.213,-0.542741
2787.919,-0.542973
2788.626,-0.543205
2789.332,-0.543436
2790.038,-0.543667
2790.745,-0.543898
2791.451,-0.544129
2792.157,-0.544359
2792.864,-0.544590
2793.570,-0.544820
2794.276,-0.545050
2794.983,-0.545280
2795.689,-0.545510
2796.396,-0.545739
2797.102,-0.545969
2797.808,-0.546198
2798.515,-0.546427
2799.221,-0.546656
2799.927,-0.546885
2800.634,-0.547113
2801.340,-0.547342
2802.046,-0.547570
2802.753,-0.547798
2803.459,-0.548026
2804.165,-0.548253
2804.872,-0.548481
2805.578,-0.548708
2806.284,-0.548935
2806.991,-0.549162
2807.697,-0.549389
2808.403,-0.549616
2809.110,-0.549842
2809.816,-0.550068
2810.522,-0.550295
2811.229,-0.550520
2811.935,-0.550746
2812.641,-0.550972
2813.348,-0.551197
2814.054,-0.551423
2814.760,-0.551648
2815.467,-0.551873
2816.173,-0.552097
2816.879,-0.552322
2817.586,-0.552546
2818.292,-0.552771
2818.998,-0.552995
2819.705,-0.553219
2820.411,-0.553442
2821.117,-0.553666
2821.824,-0.553889
2822.530,-0.554113
2823.236,-0.554336
2823.943,-0.554559
2824.649,-0.554781
2825.355,-0.555004
2826.062,-0.555226
2826.768,-0.555449
2827.474,-0.555671
2828.181,-0.555893
2828.887,-0.556114
2829.593,-0.556336
2830.300,-0.556557
2831.006,-0.556779
2831.712,-0.557000
2832.419,-0.557221
2833.125,-0.557441
2833.831,-0.557662
2834.538,-0.557882
2835.244,-0.558103
2835.950,-0.558323
2836.657,-0.558543
2837.363,-0.558763
2838.069,-0.558982
2838.776,-0.559202
2839.482,-0.559421
2840.189,-0.559640
2840.895,-0.559859
2841.601,-0.560078
2842.308,-0.560296
2843.014,-0.560515
2843.720,-0.560733
2844.427,-0.560951
2845.133,-0.561169
2845.839,-0.561387
2846.546,-0.561605
2847.252,-0.561822
2847.958,-0.562039
2848.665,-0.562257
2849.371,-0.562474
2850.077,-0.562690
2850.784,-0.562907
2851.490,-0.563124
2852.196,-0.563340
2852.903,-0.563556
2853.609,-0.563772
2854.315,-0.563988
2855.022,-0.564204
2855.728,-0.564419
2856.434,-0.564635
2857.141,-0.564850
2857.847,-0.565065
2858.553,-0.565280
2859.260,-0.565495
2859.966,-0.565709
2860.672,-0.565924
2861.379,-0.566138
2862.085,-0.566352
2862.791,-0.566566
2863.498,-0.566780
2864.204,-0.566994
2864.910,-0.567207
2865.617,-0.567420
2866.323,-0.567634
2867.029,-0.567847
2867.736,-0.568059
2868.442,-0.568272
2869.148,-0.568485
2869.855,-0.568697
2870.561,-0.568909
2871.267,-0.569121
2871.974,-0.569333
2872.680,-0.569545
2873.386,-0.569757
2874.093,-0.569968
2874.799,-0.570179
2875.505,-0.570391
2876.212,-0.570601
2876.918,-0.570812
2877.624,-0.571023
2878.331,-0.571234
2879.037,-0.571444
2879.743,-0.571654
2880.450,-0.571864
2881.156,-0.572074
2881.863,-0.572284
2882.569,-0.572493
2883.275,-0.572703
2883.982,-0.572912
2884.688,-0.573121
2885.394,-0.573330
2886.101,-0.573539
2886.807,-0.573748
2887.513,-0.573956
2888.220,-0.574165
2888.926,-0.574373
2889.632,-0.574581
2890.339,-0.574789
2891.045,-0.574996
2891.751,-0.575204
2892.458,-0.575411
2893.164,-0.575619
2893.870,-0.575826
2894.577,-0.576033
2895.283,-0.576240
2895.989,-0.576446
2896.696,-0.576653
2897.402,-0.576859
2898.108,-0.577066
2898.815,-0.577272
2899.521,-0.577478
2900.227,-0.577683
2900.934,-0.577889
2901.640,-0.578094
2902.346,-0.578300
2903.053,-0.578505
2903.759,-0.578710
2904.465,-0.578915
2905.172,-0.579120
2905.878,-0.579324
2906.584,-0.579529
2907.291,-0.579733
2907.997,-0.579937
2908.703,-0.580141
2909.410,-0.580345
2910.116,-0.580549
2910.822,-0.580752
2911.529,-0.580956
2912.235,-0.581159
2912.941,-0.581362
2913.648,-0.581565
2914.354,-0.581768
2915.060,-0.581970
2915.767,-0.582173
2916.473,-0.582375
2917.179,-0.582577
2917.886,-0.582779
2918.592,-0.582981
2919.298,-0.583183
2920.005,-0.583385
2920.711,-0.583586
2921.417,-0.583788
2922.124,-0.583989
2922.830,-0.584190
2923.537,-0.584391
2924.243,-0.584591
2924.949,-0.584792
2925.656,-0.584993
2926.362,-0.585193
2927.068,-0.585393
2927.775,-0.585593
2928.481,-0.585793
2929.187,-0.585993
2929.894,-0.586192
2930.600,-0.586392
2931.306,-0.586591
2932.013,-0.586790
2932.719,-0.586989
2933.425,-0.587188
2934.132,-0.587387
2934.838,-0.587585
2935.544,-0.587784
2936.251,-0.587982
2936.957,-0.588180
2937.663,-0.588378
2938.370,-0.588576
2939.076,-0.588774
2939.782,-0.588972
2940.489,-0.589169
2941.195,-0.589366
2941.901,-0.589563
2942.608,-0.589760
2943.314,-0.589957
2944.020,-0.590154
2944.727,-0.590351
2945.433,-0.590547
2946.139,-0.590743
2946.846,-0.590940
2947.552,-0.591136
2948.258,-0.591331
2948.965,-0.591527
2949.671,-0.591723
2950.377,-0.591918
2951.084,-0.592114
2951.790,-0.592309
2952.496,-0.592504
2953.203,-0.592699
2953.909,-0.592894
2954.615,-0.593088
2955.322,-0.593283
2956.028,-0.593477
2956.734,-0.593671
2957.441,-0.593865
2958.147,-0.594059
2958.853,-0.594253
2959.560,-0.594447
2960.266,-0.594640
2960.972,-0.594834
2961.679,-0.595027
2962.385,-0.595220
2963.091,-0.595413
2963.798,-0.595606
2964.504,-0.595798
2965.210,-0.595991
2965.917,-0.596183
2966.623,-0.596376
2967.330,-0.596568
2968.036,-0.596760
2968.742,-0.596952
2969.449,-0.597143
2970.155,-0.597335
2970.861,-0.597526
2971.568,-0.597718
2972.274,-0.597909
2972.980,-0.598100
2973.687,-0.598291
2974.393,-0.598481
2975.099,-0.598672
2975.806,-0.598863
2976.512,-0.599053
2977.218,-0.599243
2977.925,-0.599433
2978.631,-0.599623
2979.337,-0.599813
2980.044,-0.600003
2980.750,-0.600192
2981.456,-0.600382
2982.163,-0.600571
2982.869,-0.600760
2983.575,-0.600949
2984.282,-0.601138
2984.988,-0.601327
2985.694,-0.601515
2986.401,-0.601704
2987.107,-0.601892
2987.813,-0.602080
2988.520,-0.602268
2989.226,-0.602456
2989.932,-0.602644
2990.639,-0.602832
2991.345,-0.603019
2992.051,-0.603207
2992.758,-0.603394
2993.464,-0.603581
2994.170,-0.603768
2994.877,-0.603955
2995.583,-0.604142
2996.289,-0.604329
2996.996,-0.604515
2997.702,-0.604701
2998.408,-0.604888
2999.115,-0.605074
2999.821,-0.605260
3000.527,-0.605445
3001.234,-0.605631
3001.940,-0.605817
3002.646,-0.606002
3003.353,-0.606187
3004.059,-0.606373
3004.765,-0.606558
3005.472,-0.606743
3006.178,-0.606927
3006.884,-0.607112
3007.591,-0.607297
3008.297,-0.607481
3009.004,-0.607665
3009.710,-0.607849
3010.416,-0.608033
3011.123,-0.608217
3011.829,-0.608401
3012.535,-0.608585
3013.242,-0.608768
3013.948,-0.608951
3014.654,-0.609135
3015.361,-0.609318
3016.067,-0.609501
3016.773,-0.609683
3017.480,-0.609866
3018.186,-0.610049
3018.892,-0.610231
3019.599,-0.610414
3020.305,-0.610596
3021.011,-0.610778
3021.718,-0.610960
3022.424,-0.611142
3023.130,-0.611323
3023.837,-0.611505
3024.543,-0.611686
3025.249,-0.611868
3025.956,-0.612049
3026.662,-0.612230
3027.368,-0.612411
3028.075,-0.612592
3028.781,-0.612772
3029.487,-0.612953
3030.194,-0.613133
3030.900,-0.613313
3031.606,-0.613494
3032.313,-0.613674
3033.019,-0.613854
3033.725,-0.614033
3034.432,-0.614213
3035.138,-0.614393
3035.844,-0.614572
3036.551,-0.614751
3037.257,-0.614930
3037.963,-0.615110
3038.670,-0.615288
3039.376,-0.615467
3040.082,-0.615646
3040.789,-0.615824
3041.495,-0.616003
3042.201,-0.616181
3042.908,-0.616359
3043.614,-0.616537
3044.320,-0.616715
3045.027,-0.616893
3045.733,-0.617071
3046.439,-0.617248
3047.146,-0.617426
3047.852,-0.617603
3048.558,-0.617780
3049.265,-0.617957
3049.971,-0.618134
3050.677,-0.618311
3051.384,-0.618488
3052.090,-0.618664
3052.797,-0.618841
3053.503,-0.619017
3054.209,-0.619193
3054.916,-0.619369
3055.622,-0.619545
3056.328,-0.619721
3057.035,-0.619897
3057.741,-0.620072
3058.447,-0.620248
3059.154,-0.620423
3059.860,-0.620598
3060.566,-0.620773
3061.273,-0.620948
3061.979,-0.621123
3062.685,-0.621298
3063.392,-0.621473
3064.098,-0.621647
3064.804,-0.621822
3065.511,-0.621996
3066.217,-0.622170
3066.923,-0.622344
3067.630,-0.622518
3068.336,-0.622692
3069.042,-0.622865
3069.749,-0.623039
3070.455,-0.623212
3071.161,-0.623386
3071.868,-0.623559
3072.574,-0.623732
3073.280,-0.623905
3073.987,-0.624078
3074.693,-0.624250
3075.399,-0.624423
3076.106,-0.624595
3076.812,-0.624768
3077.518,-0.624940
3078.225,-0.625112
3078.931,-0.625284
3079.637,-0.625456
3080.344,-0.625628
3081.050,-0.625799
3081.756,-0.625971
3082.463,-0.626142
3083.169,-0.626313
3083.875,-0.626485
3084.582,-0.626656
3085.288,-0.626826
3085.994,-0.626997
3086.701,-0.627168
3087.407,-0.627339
3088.113,-0.627509
3088.820,-0.627679
3089.526,-0.627850
3090.232,-0.628020
3090.939,-0.628190
3091.645,-0.628360
3092.351,-0.628529
3093.058,-0.628699
3093.764,-0.628868
3094.471,-0.629038
3095.177,-0.629207
3095.883,-0.629376
3096.590,-0.629545
3097.296,-0.629714
3098.002,-0.629883
3098.709,-0.630052
3099.415,-0.630221
3100.121,-0.630389
3100.828,-0.630557
3101.534,-0.630726
3102.240,-0.630894
3102.947,-0.631062
3103.653,-0.631230
3104.359,-0.631397
3105.066,-0.631565
3105.772,-0.631733
3106.478,-0.631900
3107.185,-0.632068
3107.891,-0.632235
3108.597,-0.632402
3109.304,-0.632569
3110.010,-0.632736
3110.716,-0.632902
3111.423,-0.633069
3112.129,-0.633236
3112.835,-0.633402
3113.542,-0.633568
3114.248,-0.633735
3114.954,-0.633901
3115.661,-0.634067
3116.367,-0.634233
3117.073,-0.634398
3117.780,-0.634564
3118.486,-0.634729
3119.192,-0.634895
3119.899,-0.635060
3120.605,-0.635225
3121.311,-0.635390
3122.018,-0.635555
3122.724,-0.635720
3123.430,-0.635885
3124.137,-0.636050
3124.843,-0.636214
3125.549,-0.636379
3126.256,-0.636543
3126.962,-0.636707
3127.668,-0.636871
3128.375,-0.637035
3129.081,-0.637199
3129.787,-0.637363
3130.494,-0.637526
3131.200,-0.637690
3131.906,-0.637853
3132.613,-0.638016
3133.319,-0.638180
3134.025,-0.638343
3134.732,-0.638506
3135.438,-0.638669
3136.144,-0.638831
3136.851,-0.638994
3137.557,-0.639156
3138.264,-0.639319
3138.970,-0.639481
3139.676,-0.639643
3140.383,-0.639805
3141.089,-0.639967
3141.795,-0.640129
3142.502,-0.640291
3143.208,-0.640453
3143.914,-0.640614
3144.621,-0.640776
3145.327,-0.640937
3146.033,-0.641098
3146.740,-0.641259
3147.446,-0.641420
3148.152,-0.641581
3148.859,-0.641742
3149.565,-0.641903
3150.271,-0.642063
3150.978,-0.642224
3151.684,-0.642384
3152.390,-0.642544
3153.097,-0.642704
3153.803,-0.642864
3154.509,-0.643024
3155.216,-0.643184
3155.922,-0.643344
3156.628,-0.643503
3157.335,-0.643663
3158.041,-0.643822
3158.747,-0.643982
3159.454,-0.644141
3160.160,-0.644300
3160.866,-0.644459
3161.573,-0.644618
3162.279,-0.644776
3162.985,-0.644935
3163.692,-0.645094
3164.398,-0.645252
3165.104,-0.645410
3165.811,-0.645568
3166.517,-0.645727
3167.223,-0.645885
3167.930,-0.646042
3168.636,-0.646200
3169.342,-0.646358
3170.049,-0.646516
3170.755,-0.646673
3171.461,-0.646830
3172.168,-0.646988
3172.874,-0.647145
3173.580,-0.647302
3174.287,-0.647459
3174.993,-0.647616
3175.699,-0.647772
3176.406,-0.647929
3177.112,-0.648086
3177.818,-0.648242
3178.525,-0.648398
3179.231,-0.648554
3179.938,-0.648711
3180.644,-0.648867
3181.350,-0.649022
3182.057,-0.649178
3182.763,-0.649334
3183.469,-0.649490
3184.176,-0.649645
3184.882,-0.649800
3185.588,-0.649956
3186.295,-0.650111
3187.001,-0.650266
3187.707,-0.650421
3188.414,-0.650576
3189.120,-0.650731
3189.826,-0.650885
3190.533,-0.651040
3191.239,-0.651194
3191.945,-0.651349
3192.652,-0.651503
3193.358,-0.651657
3194.064,-0.651811
3194.771,-0.651965
3195.477,-0.652119
3196.183,-0.652273
3196.890,-0.652426
3197.596,-0.652580
3198.302,-0.652733
3199.009,-0.652887
3199.715,-0.653040
3200.421,-0.653193
3201.128,-0.653346
3201.834,-0.653499
3202.540,-0.653652
3203.247,-0.653804
3203.953,-0.653957
3204.659,-0.654110
3205.366,-0.654262
3206.072,-0.654414
3206.778,-0.654567
3207.485,-0.654719
3208.191,-0.654871
3208.897,-0.655023
3209.604,-0.655174
3210.310,-0.655326
3211.016,-0.655478
3211.723,-0.655629
3212.429,-0.655781
3213.135,-0.655932
3213.842,-0.656083
3214.548,-0.656234
3215.254,-0.656385
3215.961,-0.656536
3216.667,-0.656687
3217.373,-0.656838
3218.080,-0.656989
3218.786,-0.657139
3219.492,-0.657289
3220.199,-0.657440
3220.905,-0.657590
3221.611,-0.657740
3222.318,-0.657890
3223.024,-0.658040
3223.731,-0.658190
3224.437,-0.658340
3225.143,-0.658489
3225.850,-0.658639
3226.556,-0.658788
3227.262,-0.658938
3227.969,-0.659087
3228.675,-0.659236
3229.381,-0.659385
3230.088,-0.659534
3230.794,-0.659683
3231.500,-0.659832
3232.207,-0.659980
3232.913,-0.660129
3233.619,-0.660277
3234.326,-0.660426
3235.032,-0.660574
3235.738,-0.660722
3236.445,-0.660870
3237.151,-0.661018
3237.857,-0.661166
3238.564,-0.661314
3239.270,-0.661462
3239.976,-0.661609
3240.683,-0.661757
3241.389,-0.661904
3242.095,-0.662051
3242.802,-0.662199
3243.508,-0.662346
3244.214,-0.662493
3244.921,-0.662640
3245.627,-0.662786
3246.333,-0.662933
3247.040,-0.663080
3247.746,-0.663226
3248.452,-0.663373
3249.159,-0.663519
3249.865,-0.663665
3250.571,-0.663812
3251.278,-0.663958
3251.984,-0.664104
3252.690,-0.664249
3253.397,-0.664395
3254.103,-0.664541
3254.809,-0.664686
3255.516,-0.664832
3256.222,-0.664977
3256.928,-0.665123
3257.635,-0.665268
3258.341,-0.665413
3259.047,-0.665558
3259.754,-0.665703
3260.460,-0.665848
3261.166,-0.665992
3261.873,-0.666137
3262.579,-0.666282
3263.285,-0.666426
3263.992,-0.666570
3264.698,-0.666715
3265.405,-0.666859
3266.111,-0.667003
3266.817,-0.667147
3267.524,-0.667291
3268.230,-0.667435
3268.936,-0.667578
3269.643,-0.667722
3270.349,-0.667865
3271.055,-0.668009
3271.762,-0.668152
3272.468,-0.668295
3273.174,-0.668439
3273.881,-0.668582
3274.587,-0.668725
3275.293,-0.668867
3276.000,-0.669010
3276.706,-0.669153
3277.412,-0.669296
3278.119,-0.669438
3278.825,-0.669580
3279.531,-0.669723
3280.238,-0.669865
3280.944,-0.670007
3281.650,-0.670149
3282.357,-0.670291
3283.063,-0.670433
3283.769,-0.670575
3284.476,-0.670716
3285.182,-0.670858
3285.888,-0.670999
3286.595,-0.671141
3287.301,-0.671282
3288.007,-0.671423
3288.714,-0.671564
3289.420,-0.671706
3290.126,-0.671846
3290.833,-0.671987
3291.539,-0.672128
3292.245,-0.672269
3292.952,-0.672409
3293.658,-0.672550
3294.364,-0.672690
3295.071,-0.672831
3295.777,-0.672971
3296.483,-0.673111
3297.190,-0.673251
3297.896,-0.673391
3298.602,-0.673531
3299.309,-0.673671
3300.015,-0.673810
3300.721,-0.673950
3301.428,-0.674089
3302.134,-0.674229
3302.840,-0.674368
3303.547,-0.674507
3304.253,-0.674646
3304.959,-0.674785
3305.666,-0.674924
3306.372,-0.675063
3307.078,-0.675202
3307.785,-0.675341
3308.491,-0.675479
3309.198,-0.675618
3309.904,-0.675756
3310.610,-0.675895
3311.317,-0.676033
3312.023,-0.676171
3312.729,-0.676309
3313.436,-0.676447
3314.142,-0.676585
3314.848,-0.676723
3315.555,-0.676861
3316.261,-0.676998
3316.967,-0.677136
3317.674,-0.677273
3318.380,-0.677411
3319.086,-0.677548
3319.793,-0.677685
3320.499,-0.677822
3321.205,-0.677959
3321.912,-0.678096
3322.618,-0.678233
3323.324,-0.678370
3324.031,-0.678506
3324.737,-0.678643
3325.443,-0.678780
3326.150,-0.678916
3326.856,-0.679052
3327.562,-0.679189
3328.269,-0.679325
3328.975,-0.679461
3329.681,-0.679597
3330.388,-0.679733
3331.094,-0.679868
3331.800,-0.680004
3332.507,-0.680140
3333.213,-0.680275
3333.919,-0.680411
3334.626,-0.680546
3335.332,-0.680681
3336.038,-0.680817
3336.745,-0.680952
3337.451,-0.681087
3338.157,-0.681222
3338.864,-0.681357
3339.570,-0.681491
3340.276,-0.681626
3340.983,-0.681761
3341.689,-0.681895
3342.395,-0.682030
3343.102,-0.682164
3343.808,-0.682298
3344.514,-0.682432
3345.221,-0.682567
3345.927,-0.682701
3346.633,-0.682834
3347.340,-0.682968
3348.046,-0.683102
3348.752,-0.683236
3349.459,-0.683369
3350.165,-0.683503
3350.872,-0.683636
3351.578,-0.683770
3352.284,-0.683903
3352.991,-0.684036
3353.697,-0.684169
3354.403,-0.684302
3355.110,-0.684435
3355.816,-0.684568
3356.522,-0.684701
3357.229,-0.684833
3357.935,-0.684966
3358.641,-0.685098
3359.348,-0.685231
3360.054,-0.685363
3360.760,-0.685495
3361.467,-0.685627
3362.173,-0.685759
3362.879,-0.685891
3363.586,-0.686023
3364.292,-0.686155
3364.998,-0.686287
3365.705,-0.686419
3366.411,-0.686550
3367.117,-0.686682
3367.824,-0.686813
3368.530,-0.686944
3369.236,-0.687076
3369.943,-0.687207
3370.649,-0.687338
3371.355,-0.687469
3372.062,-0.687600
3372.768,-0.687731
3373.474,-0.687861
3374.181,-0.687992
3374.887,-0.688123
3375.593,-0.688253
3376.300,-0.688384
3377.006,-0.688514
3377.712,-0.688644
3378.419,-0.688774
3379.125,-0.688905
3379.831,-0.689035
3380.538,-0.689164
3381.244,-0.689294
3381.950,-0.689424
3382.657,-0.689554
3383.363,-0.689683
3384.069,-0.689813
3384.776,-0.689942
3385.482,-0.690072
3386.188,-0.690201
3386.895,-0.690330
3387.601,-0.690459
3388.307,-0.690588
3389.014,-0.690717
3389.720,-0.690846
3390.426,-0.690975
3391.133,-0.691104
3391.839,-0.691232
3392.545,-0.691361
3393.252,-0.691489
3393.958,-0.691618
3394.665,-0.691746
3395.371,-0.691874
3396.077,-0.692003
3396.784,-0.692131
3397.490,-0.692259
3398.196,-0.692387
3398.903,-0.692514
3399.609,-0.692642
3400.315,-0.692770
3401.022,-0.692897
3401.728,-0.693025
3402.434,-0.693152
3403.141,-0.693280
3403.847,-0.693407
3404.553,-0.693534
3405.260,-0.693661
3405.966,-0.693788
3406.672,-0.693915
3407.379,-0.694042
3408.085,-0.694169
3408.791,-0.694296
3409.498,-0.694422
3410.204,-0.694549
3410.910,-0.694676
3411.617,-0.694802
3412.323,-0.694928
3413.029,-0.695055
3413.736,-0.695181
3414.442,-0.695307
3415.148,-0.695433
3415.855,-0.695559
3416.561,-0.695685
3417.267,-0.695810
3417.974,-0.695936
3418.680,-0.696062
3419.386,-0.696187
3420.093,-0.696313
3420.799,-0.696438
3421.505,-0.696564
3422.212,-0.696689
3422.918,-0.696814
3423.624,-0.696939
3424.331,-0.697064
3425.037,-0.697189
3425.743,-0.697314
3426.450,-0.697439
3427.156,-0.697563
3427.862,-0.697688
3428.569,-0.697812
3429.275,-0.697937
3429.981,-0.698061
3430.688,-0.698186
3431.394,-0.698310
3432.100,-0.698434
3432.807,-0.698558
3433.513,-0.698682
3434.219,-0.698806
3434.926,-0.698930
3435.632,-0.699054
3436.339,-0.699177
3437.045,-0.699301
3437.751,-0.699425
3438.458,-0.699548
3439.164,-0.699672
3439.870,-0.699795
3440.577,-0.699918
3441.283,-0.700041
3441.989,-0.700164
3442.696,-0.700287
3443.402,-0.700410
3444.108,-0.700533
3444.815,-0.700656
3445.521,-0.700779
3446.227,-0.700901
3446.934,-0.701024
3447.640,-0.701146
3448.346,-0.701269
3449.053,-0.701391
3449.759,-0.701513
3450.465,-0.701636
3451.172,-0.701758
3451.878,-0.701880
3452.584,-0.702002
3453.291,-0.702124
3453.997,-0.702245
3454.703,-0.702367
3455.410,-0.702489
3456.116,-0.702610
3456.822,-0.702732
3457.529,-0.702853
3458.235,-0.702975
3458.941,-0.703096
3459.648,-0.703217
3460.354,-0.703339
3461.060,-0.703460
3461.767,-0.703581
3462.473,-0.703702
3463.179,-0.703822
3463.886,-0.703943
3464.592,-0.704064
3465.298,-0.704184
3466.005,-0.704305
3466.711,-0.704426
3467.417,-0.704546
3468.124,-0.704666
3468.830,-0.704787
3469.536,-0.704907
3470.243,-0.705027
3470.949,-0.705147
3471.655,-0.705267
3472.362,-0.705387
3473.068,-0.705507
3473.774,-0.705626
3474.481,-0.705746
3475.187,-0.705866
3475.893,-0.705985
3476.600,-0.706105
3477.306,-0.706224
3478.012,-0.706343
3478.719,-0.706462
3479.425,-0.706582
3480.132,-0.706701
3480.838,-0.706820
3481.544,-0.706939
3482.251,-0.707058
3482.957,-0.707176
3483.663,-0.707295
3484.370,-0.707414
3485.076,-0.707532
3485.782,-0.707651
3486.489,-0.707769
3487.195,-0.707888
3487.901,-0.708006
3488.608,-0.708124
3489.314,-0.708242
3490.020,-0.708360
3490.727,-0.708479
3491.433,-0.708596
3492.139,-0.708714
3492.846,-0.708832
3493.552,-0.708950
3494.258,-0.709067
3494.965,-0.709185
3495.671,-0.709303
3496.377,-0.709420
3497.084,-0.709537
3497.790,-0.709655
3498.496,-0.709772
3499.203,-0.709889
3499.909,-0.710006
3500.615,-0.710123
3501.322,-0.710240
3502.028,-0.710357
3502.734,-0.710474
3503.441,-0.710591
3504.147,-0.710707
3504.853,-0.710824
3505.560,-0.710940
3506.266,-0.711057
3506.972,-0.711173
3507.679,-0.711289
3508.385,-0.711406
3509.091,-0.711522
3509.798,-0.711638
3510.504,-0.711754
3511.210,-0.711870
3511.917,-0.711986
3512.623,-0.712102
3513.329,-0.712217
3514.036,-0.712333
3514.742,-0.712449
3515.448,-0.712564
3516.155,-0.712680
3516.861,-0.712795
3517.567,-0.712910
3518.274,-0.713026
3518.980,-0.713141
3519.686,-0.713256
3520.393,-0.713371
3521.099,-0.713486
3521.806,-0.713601
3522.512,-0.713716
3523.218,-0.713831
3523.925,-0.713945
3524.631,-0.714060
3525.337,-0.714175
3526.044,-0.714289
3526.750,-0.714403
3527.456,-0.714518
3528.163,-0.714632
3528.869,-0.714746
3529.575,-0.714861
3530.282,-0.714975
3530.988,-0.715089
3531.694,-0.715203
3532.401,-0.715316
3533.107,-0.715430
3533.813,-0.715544
3534.520,-0.715658
3535.226,-0.715771
3535.932,-0.715885
3536.639,-0.715998
3537.345,-0.716112
3538.051,-0.716225
3538.758,-0.716338
3539.464,-0.716452
3540.170,-0.716565
3540.877,-0.716678
3541.583,-0.716791
3542.289,-0.716904
3542.996,-0.717017
3543.702,-0.717129
3544.408,-0.717242
3545.115,-0.717355
3545.821,-0.717467
3546.527,-0.717580
3547.234,-0.717692
3547.940,-0.717805
3548.646,-0.717917
3549.353,-0.718029
3550.059,-0.718142
3550.765,-0.718254
3551.472,-0.718366
3552.178,-0.718478
3552.884,-0.718590
3553.591,-0.718701
3554.297,-0.718813
3555.003,-0.718925
3555.710,-0.719037
3556.416,-0.719148
3557.122,-0.719260
3557.829,-0.719371
3558.535,-0.719483
3559.241,-0.719594
3559.948,-0.719705
3560.654,-0.719816
3561.360,-0.719928
3562.067,-0.720039
3562.773,-0.720150
3563.479,-0.720261
3564.186,-0.720371
3564.892,-0.720482
3565.599,-0.720593
3566.305,-0.720704
3567.011,-0.720814
3567.718,-0.720925
3568.424,-0.721035
3569.130,-0.721146
3569.837,-0.721256
3570.543,-0.721366
3571.249,-0.721476
3571.956,-0.721587
3572.662,-0.721697
3573.368,-0.721807
3574.075,-0.721917
3574.781,-0.722027
3575.487,-0.722136
3576.194,-0.722246
3576.900,-0.722356
3577.606,-0.722465
3578.313,-0.722575
3579.019,-0.722684
3579.725,-0.722794
3580.432,-0.722903
3581.138,-0.723013
3581.844,-0.723122
3582.551,-0.723231
3583.257,-0.723340
3583.963,-0.723449
3584.670,-0.723558
3585.376,-0.723667
3586.082,-0.723776
3586.789,-0.723885
3587.495,-0.723993
3588.201,-0.724102
3588.908,-0.724211
3589.614,-0.724319
3590.320,-0.724428
3591.027,-0.724536
3591.733,-0.724644
3592.439,-0.724753
3593.146,-0.724861
3593.852,-0.724969
3594.558,-0.725077
3595.265,-0.725185
3595.971,-0.725293
3596.677,-0.725401
3597.384,-0.725509
3598.090,-0.725616
3598.796,-0.725724
3599.503,-0.725832
3600.209,-0.725939
3600.915,-0.726047
3601.622,-0.726154
3602.328,-0.726262
3603.034,-0.726369
3603.741,-0.726476
3604.447,-0.726583
3605.153,-0.726690
3605.860,-0.726798
3606.566,-0.726905
3607.273,-0.727012
3607.979,-0.727118
3608.685,-0.727225
3609.392,-0.727332
3610.098,-0.727439
3610.804,-0.727545
3611.511,-0.727652
3612.217,-0.727758
3612.923,-0.727865
3613.630,-0.727971
3614.336,-0.728077
3615.042,-0.728184
3615.749,-0.728290
3616.455,-0.728396
3617.161,-0.728502
3617.868,-0.728608
3618.574,-0.728714
3619.280,-0.728820
3619.987,-0.728926
3620.693,-0.729031
3621.399,-0.729137
3622.106,-0.729243
3622.812,-0.729348
3623.518,-0.729454
3624.225,-0.729559
3624.931,-0.729665
3625.637,-0.729770
3626.344,-0.729875
3627.050,-0.729980
3627.756,-0.730086
3628.463,-0.730191
3629.169,-0.730296
3629.875,-0.730401
3630.582,-0.730506
3631.288,-0.730610
3631.994,-0.730715
3632.701,-0.730820
3633.407,-0.730925
3634.113,-0.731029
3634.820,-0.731134
3635.526,-0.731238
3636.232,-0.731342
3636.939,-0.731447
3637.645,-0.731551
3638.351,-0.731655
3639.058,-0.731759
3639.764,-0.731864
3640.470,-0.731968
3641.177,-0.732072
3641.883,-0.732176
3642.589,-0.732279
3643.296,-0.732383
3644.002,-0.732487
3644.708,-0.732591
3645.415,-0.732694
3646.121,-0.732798
3646.827,-0.732901
3647.534,-0.733005
3648.240,-0.733108
3648.946,-0.733211
3649.653,-0.733315
3650.359,-0.733418
3651.066,-0.733521
3651.772,-0.733624
3652.478,-0.733727
3653.185,-0.733830
3653.891,-0.733933
3654.597,-0.734036
3655.304,-0.734139
3656.010,-0.734241
3656.716,-0.734344
3657.423,-0.734447
3658.129,-0.734549
3658.835,-0.734652
3659.542,-0.734754
3660.248,-0.734856
3660.954,-0.734959
3661.661,-0.735061
3662.367,-0.735163
3663.073,-0.735265
3663.780,-0.735367
3664.486,-0.735469
3665.192,-0.735571
3665.899,-0.735673
3666.605,-0.735775
3667.311,-0.735877
3668.018,-0.735978
3668.724,-0.736080
3669.430,-0.736182
3670.137,-0.736283
3670.843,-0.736385
3671.549,-0.736486
3672.256,-0.736587
3672.962,-0.736689
3673.668,-0.736790
3674.375,-0.736891
3675.081,-0.736992
3675.787,-0.737093
3676.494,-0.737194
3677.200,-0.737295
3677.906,-0.737396
3678.613,-0.737497
3679.319,-0.737598
3680.025,-0.737699
3680.732,-0.737799
3681.438,-0.737900
3682.144,-0.738000
3682.851,-0.738101
3683.557,-0.738201
3684.263,-0.738302
3684.970,-0.738402
3685.676,-0.738502
3686.382,-0.738602
3687.089,-0.738703
3687.795,-0.738803
3688.501,-0.738903
3689.208,-0.739003
3689.914,-0.739103
3690.620,-0.739202
3691.327,-0.739302
3692.033,-0.739402
3692.740,-0.739502
3693.446,-0.739601
3694.152,-0.739701
3694.859,-0.739800
3695.565,-0.739900
3696.271,-0.739999
3696.978,-0.740099
3697.684,-0.740198
3698.390,-0.740297
3699.097,-0.740396
3699.803,-0.740495
3700.509,-0.740594
3701.216,-0.740693
3701.922,-0.740792
3702.628,-0.740891
3703.335,-0.740990
3704.041,-0.741089
3704.747,-0.741188
3705.454,-0.741286
3706.160,-0.741385
3706.866,-0.741483
3707.573,-0.741582
3708.279,-0.741680
3708.985,-0.741779
3709.692,-0.741877
3710.398,-0.741975
3711.104,-0.742074
3711.811,-0.742172
3712.517,-0.742270
3713.223,-0.742368
3713.930,-0.742466
3714.636,-0.742564
3715.342,-0.742662
3716.049,-0.742759
3716.755,-0.742857
3717.461,-0.742955
3718.168,-0.743053
3718.874,-0.743150
3719.580,-0.743248
3720.287,-0.743345
3720.993,-0.743443
3721.699,-0.743540
3722.406,-0.743637
3723.112,-0.743735
3723.818,-0.743832
3724.525,-0.743929
3725.231,-0.744026
3725.937,-0.744123
3726.644,-0.744220
3727.350,-0.744317
3728.056,-0.744414
3728.763,-0.744511
3729.469,-0.744607
3730.175,-0.744704
3730.882,-0.744801
3731.588,-0.744897
3732.294,-0.744994
3733.001,-0.745090
3733.707,-0.745187
3734.414,-0.745283
3735.120,-0.745380
3735.826,-0.745476
3736.533,-0.745572
3737.239,-0.745668
3737.945,-0.745764
3738.652,-0.745860
3739.358,-0.745956
3740.064,-0.746052
3740.771,-0.746148
3741.477,-0.746244
3742.183,-0.746340
3742.890,-0.746436
3743.596,-0.746531
3744.302,-0.746627
3745.009,-0.746722
3745.715,-0.746818
3746.421,-0.746913
3747.128,-0.747009
3747.834,-0.747104
3748.540,-0.747200
3749.247,-0.747295
3749.953,-0.747390
3750.659,-0.747485
3751.366,-0.747580
3752.072,-0.747675
3752.778,-0.747770
3753.485,-0.747865
3754.191,-0.747960
3754.897,-0.748055
3755.604,-0.748150
3756.310,-0.748244
3757.016,-0.748339
3757.723,-0.748434
3758.429,-0.748528
3759.135,-0.748623
3759.842,-0.748717
3760.548,-0.748811
3761.254,-0.748906
3761.961,-0.749000
3762.667,-0.749094
3763.373,-0.749188
3764.080,-0.749283
3764.786,-0.749377
3765.492,-0.749471
3766.199,-0.749565
